// array size is 28928
#include <pgmspace.h>
static const unsigned char O128[] PROGMEM  = {
  0xff, 0xd8, 0xff, 0xe1, 0x1b, 0x01, 0x45, 0x78, 0x69, 0x66, 0x00, 0x00, 0x4d, 0x4d, 0x00, 0x2a, 
  0x00, 0x00, 0x00, 0x08, 0x00, 0x0e, 0x01, 0x00, 0x00, 0x03, 0x00, 0x00, 0x00, 0x01, 0x01, 0xda, 
  0x00, 0x00, 0x01, 0x01, 0x00, 0x03, 0x00, 0x00, 0x00, 0x01, 0x01, 0xda, 0x00, 0x00, 0x01, 0x02, 
  0x00, 0x03, 0x00, 0x00, 0x00, 0x03, 0x00, 0x00, 0x00, 0xb6, 0x01, 0x06, 0x00, 0x03, 0x00, 0x00, 
  0x00, 0x01, 0x00, 0x02, 0x00, 0x00, 0x01, 0x12, 0x00, 0x03, 0x00, 0x00, 0x00, 0x01, 0x00, 0x01, 
  0x00, 0x00, 0x01, 0x15, 0x00, 0x03, 0x00, 0x00, 0x00, 0x01, 0x00, 0x03, 0x00, 0x00, 0x01, 0x1a, 
  0x00, 0x05, 0x00, 0x00, 0x00, 0x01, 0x00, 0x00, 0x00, 0xbc, 0x01, 0x1b, 0x00, 0x05, 0x00, 0x00, 
  0x00, 0x01, 0x00, 0x00, 0x00, 0xc4, 0x01, 0x28, 0x00, 0x03, 0x00, 0x00, 0x00, 0x01, 0x00, 0x02, 
  0x00, 0x00, 0x01, 0x31, 0x00, 0x02, 0x00, 0x00, 0x00, 0x1f, 0x00, 0x00, 0x00, 0xcc, 0x01, 0x32, 
  0x00, 0x02, 0x00, 0x00, 0x00, 0x14, 0x00, 0x00, 0x00, 0xeb, 0x40, 0x00, 0x00, 0x03, 0x00, 0x00, 
  0x00, 0x01, 0x00, 0x00, 0x00, 0x00, 0x40, 0x01, 0x00, 0x01, 0x00, 0x00, 0x00, 0x01, 0x00, 0x00, 
  0x00, 0x00, 0x87, 0x69, 0x00, 0x04, 0x00, 0x00, 0x00, 0x01, 0x00, 0x00, 0x01, 0x00, 0x00, 0x00, 
  0x01, 0x38, 0x00, 0x08, 0x00, 0x08, 0x00, 0x08, 0x00, 0x0a, 0xfc, 0x80, 0x00, 0x00, 0x27, 0x10, 
  0x00, 0x0a, 0xfc, 0x80, 0x00, 0x00, 0x27, 0x10, 0x41, 0x64, 0x6f, 0x62, 0x65, 0x20, 0x50, 0x68, 
  0x6f, 0x74, 0x6f, 0x73, 0x68, 0x6f, 0x70, 0x20, 0x32, 0x35, 0x2e, 0x30, 0x20, 0x28, 0x57, 0x69, 
  0x6e, 0x64, 0x6f, 0x77, 0x73, 0x29, 0x00, 0x32, 0x30, 0x32, 0x34, 0x3a, 0x31, 0x31, 0x3a, 0x31, 
  0x32, 0x20, 0x31, 0x36, 0x3a, 0x32, 0x36, 0x3a, 0x34, 0x35, 0x00, 0x00, 0x00, 0x04, 0x90, 0x00, 
  0x00, 0x07, 0x00, 0x00, 0x00, 0x04, 0x30, 0x32, 0x33, 0x31, 0xa0, 0x01, 0x00, 0x03, 0x00, 0x00, 
  0x00, 0x01, 0xff, 0xff, 0x00, 0x00, 0xa0, 0x02, 0x00, 0x04, 0x00, 0x00, 0x00, 0x01, 0x00, 0x00, 
  0x00, 0x80, 0xa0, 0x03, 0x00, 0x04, 0x00, 0x00, 0x00, 0x01, 0x00, 0x00, 0x00, 0x80, 0x00, 0x00, 
  0x00, 0x00, 0x00, 0x00, 0x00, 0x06, 0x01, 0x03, 0x00, 0x03, 0x00, 0x00, 0x00, 0x01, 0x00, 0x06, 
  0x00, 0x00, 0x01, 0x1a, 0x00, 0x05, 0x00, 0x00, 0x00, 0x01, 0x00, 0x00, 0x01, 0x86, 0x01, 0x1b, 
  0x00, 0x05, 0x00, 0x00, 0x00, 0x01, 0x00, 0x00, 0x01, 0x8e, 0x01, 0x28, 0x00, 0x03, 0x00, 0x00, 
  0x00, 0x01, 0x00, 0x02, 0x00, 0x00, 0x02, 0x01, 0x00, 0x04, 0x00, 0x00, 0x00, 0x01, 0x00, 0x00, 
  0x01, 0x96, 0x02, 0x02, 0x00, 0x04, 0x00, 0x00, 0x00, 0x01, 0x00, 0x00, 0x19, 0x63, 0x00, 0x00, 
  0x00, 0x00, 0x00, 0x00, 0x00, 0x48, 0x00, 0x00, 0x00, 0x01, 0x00, 0x00, 0x00, 0x48, 0x00, 0x00, 
  0x00, 0x01, 0xff, 0xd8, 0xff, 0xed, 0x00, 0x0c, 0x41, 0x64, 0x6f, 0x62, 0x65, 0x5f, 0x43, 0x4d, 
  0x00, 0x02, 0xff, 0xee, 0x00, 0x0e, 0x41, 0x64, 0x6f, 0x62, 0x65, 0x00, 0x64, 0x80, 0x00, 0x00, 
  0x00, 0x01, 0xff, 0xdb, 0x00, 0x84, 0x00, 0x0c, 0x08, 0x08, 0x08, 0x09, 0x08, 0x0c, 0x09, 0x09, 
  0x0c, 0x11, 0x0b, 0x0a, 0x0b, 0x11, 0x15, 0x0f, 0x0c, 0x0c, 0x0f, 0x15, 0x18, 0x13, 0x13, 0x15, 
  0x13, 0x13, 0x18, 0x11, 0x0c, 0x0c, 0x0c, 0x0c, 0x0c, 0x0c, 0x11, 0x0c, 0x0c, 0x0c, 0x0c, 0x0c, 
  0x0c, 0x0c, 0x0c, 0x0c, 0x0c, 0x0c, 0x0c, 0x0c, 0x0c, 0x0c, 0x0c, 0x0c, 0x0c, 0x0c, 0x0c, 0x0c, 
  0x0c, 0x0c, 0x0c, 0x0c, 0x0c, 0x0c, 0x0c, 0x01, 0x0d, 0x0b, 0x0b, 0x0d, 0x0e, 0x0d, 0x10, 0x0e, 
  0x0e, 0x10, 0x14, 0x0e, 0x0e, 0x0e, 0x14, 0x14, 0x0e, 0x0e, 0x0e, 0x0e, 0x14, 0x11, 0x0c, 0x0c, 
  0x0c, 0x0c, 0x0c, 0x11, 0x11, 0x0c, 0x0c, 0x0c, 0x0c, 0x0c, 0x0c, 0x11, 0x0c, 0x0c, 0x0c, 0x0c, 
  0x0c, 0x0c, 0x0c, 0x0c, 0x0c, 0x0c, 0x0c, 0x0c, 0x0c, 0x0c, 0x0c, 0x0c, 0x0c, 0x0c, 0x0c, 0x0c, 
  0x0c, 0x0c, 0x0c, 0x0c, 0x0c, 0x0c, 0x0c, 0x0c, 0xff, 0xc0, 0x00, 0x11, 0x08, 0x00, 0x80, 0x00, 
  0x80, 0x03, 0x01, 0x22, 0x00, 0x02, 0x11, 0x01, 0x03, 0x11, 0x01, 0xff, 0xdd, 0x00, 0x04, 0x00, 
  0x08, 0xff, 0xc4, 0x01, 0x3f, 0x00, 0x00, 0x01, 0x05, 0x01, 0x01, 0x01, 0x01, 0x01, 0x01, 0x00, 
  0x00, 0x00, 0x00, 0x00, 0x00, 0x00, 0x03, 0x00, 0x01, 0x02, 0x04, 0x05, 0x06, 0x07, 0x08, 0x09, 
  0x0a, 0x0b, 0x01, 0x00, 0x01, 0x05, 0x01, 0x01, 0x01, 0x01, 0x01, 0x01, 0x00, 0x00, 0x00, 0x00, 
  0x00, 0x00, 0x00, 0x01, 0x00, 0x02, 0x03, 0x04, 0x05, 0x06, 0x07, 0x08, 0x09, 0x0a, 0x0b, 0x10, 
  0x00, 0x01, 0x04, 0x01, 0x03, 0x02, 0x04, 0x02, 0x05, 0x07, 0x06, 0x08, 0x05, 0x03, 0x0c, 0x33, 
  0x01, 0x00, 0x02, 0x11, 0x03, 0x04, 0x21, 0x12, 0x31, 0x05, 0x41, 0x51, 0x61, 0x13, 0x22, 0x71, 
  0x81, 0x32, 0x06, 0x14, 0x91, 0xa1, 0xb1, 0x42, 0x23, 0x24, 0x15, 0x52, 0xc1, 0x62, 0x33, 0x34, 
  0x72, 0x82, 0xd1, 0x43, 0x07, 0x25, 0x92, 0x53, 0xf0, 0xe1, 0xf1, 0x63, 0x73, 0x35, 0x16, 0xa2, 
  0xb2, 0x83, 0x26, 0x44, 0x93, 0x54, 0x64, 0x45, 0xc2, 0xa3, 0x74, 0x36, 0x17, 0xd2, 0x55, 0xe2, 
  0x65, 0xf2, 0xb3, 0x84, 0xc3, 0xd3, 0x75, 0xe3, 0xf3, 0x46, 0x27, 0x94, 0xa4, 0x85, 0xb4, 0x95, 
  0xc4, 0xd4, 0xe4, 0xf4, 0xa5, 0xb5, 0xc5, 0xd5, 0xe5, 0xf5, 0x56, 0x66, 0x76, 0x86, 0x96, 0xa6, 
  0xb6, 0xc6, 0xd6, 0xe6, 0xf6, 0x37, 0x47, 0x57, 0x67, 0x77, 0x87, 0x97, 0xa7, 0xb7, 0xc7, 0xd7, 
  0xe7, 0xf7, 0x11, 0x00, 0x02, 0x02, 0x01, 0x02, 0x04, 0x04, 0x03, 0x04, 0x05, 0x06, 0x07, 0x07, 
  0x06, 0x05, 0x35, 0x01, 0x00, 0x02, 0x11, 0x03, 0x21, 0x31, 0x12, 0x04, 0x41, 0x51, 0x61, 0x71, 
  0x22, 0x13, 0x05, 0x32, 0x81, 0x91, 0x14, 0xa1, 0xb1, 0x42, 0x23, 0xc1, 0x52, 0xd1, 0xf0, 0x33, 
  0x24, 0x62, 0xe1, 0x72, 0x82, 0x92, 0x43, 0x53, 0x15, 0x63, 0x73, 0x34, 0xf1, 0x25, 0x06, 0x16, 
  0xa2, 0xb2, 0x83, 0x07, 0x26, 0x35, 0xc2, 0xd2, 0x44, 0x93, 0x54, 0xa3, 0x17, 0x64, 0x45, 0x55, 
  0x36, 0x74, 0x65, 0xe2, 0xf2, 0xb3, 0x84, 0xc3, 0xd3, 0x75, 0xe3, 0xf3, 0x46, 0x94, 0xa4, 0x85, 
  0xb4, 0x95, 0xc4, 0xd4, 0xe4, 0xf4, 0xa5, 0xb5, 0xc5, 0xd5, 0xe5, 0xf5, 0x56, 0x66, 0x76, 0x86, 
  0x96, 0xa6, 0xb6, 0xc6, 0xd6, 0xe6, 0xf6, 0x27, 0x37, 0x47, 0x57, 0x67, 0x77, 0x87, 0x97, 0xa7, 
  0xb7, 0xc7, 0xff, 0xda, 0x00, 0x0c, 0x03, 0x01, 0x00, 0x02, 0x11, 0x03, 0x11, 0x00, 0x3f, 0x00, 
  0xf5, 0x44, 0x92, 0x49, 0x25, 0x29, 0x24, 0x92, 0x49, 0x4a, 0x40, 0xcc, 0xce, 0xc4, 0xc1, 0xc6, 
  0xb7, 0x2f, 0x2e, 0xd6, 0xd3, 0x8f, 0x48, 0x9b, 0x2c, 0x71, 0xd0, 0x79, 0x7f, 0x5d, 0xdf, 0x98, 
  0xcf, 0xa6, 0xf5, 0x89, 0xd5, 0xbe, 0xb4, 0xe3, 0x1e, 0x94, 0x2e, 0xe9, 0x99, 0x0d, 0x07, 0x22, 
  0xcb, 0x69, 0x66, 0x59, 0x1b, 0x99, 0x5b, 0x31, 0xc3, 0xdf, 0x9f, 0x9c, 0xd6, 0xff, 0x00, 0x86, 
  0x66, 0x35, 0x55, 0x59, 0xe8, 0xfe, 0x65, 0xd9, 0x1e, 0x87, 0xfa, 0x45, 0xc4, 0x64, 0xf5, 0x4c, 
  0x6c, 0x46, 0x63, 0x74, 0x6e, 0xa1, 0x75, 0xb5, 0x9c, 0x1a, 0xbd, 0x5c, 0x87, 0xba, 0x5f, 0x73, 
  0x72, 0x72, 0x77, 0x64, 0xe4, 0xdb, 0xdf, 0xd7, 0xea, 0x74, 0xd1, 0x7b, 0x70, 0xf1, 0x9d, 0x67, 
  0xe8, 0xb1, 0x2f, 0xbb, 0x27, 0x33, 0xfe, 0xd3, 0xd0, 0xa7, 0xc7, 0xcb, 0xca, 0x7d, 0xf7, 0xf9, 
  0x6b, 0xd5, 0x5d, 0x56, 0xca, 0x60, 0x3d, 0x96, 0x5f, 0xd7, 0x4a, 0x4f, 0x4a, 0xab, 0x2f, 0x16, 
  0xbf, 0x4a, 0xdc, 0xa6, 0x59, 0x75, 0x3f, 0x68, 0x98, 0xaf, 0x1a, 0xb7, 0x7a, 0x5f, 0x6f, 0xca, 
  0xae, 0xaf, 0xd2, 0x6c, 0xb5, 0xdb, 0x1b, 0x8b, 0x8a, 0xcf, 0xd3, 0xe5, 0xdf, 0x6d, 0x54, 0x57, 
  0xfe, 0x13, 0xd2, 0xce, 0x67, 0x5c, 0xea, 0xbd, 0x3f, 0x01, 0x98, 0x37, 0xe4, 0x97, 0xf5, 0xbc, 
  0x88, 0xbf, 0x3a, 0xe7, 0xb3, 0xd5, 0x75, 0x1e, 0xb7, 0xf4, 0x6c, 0x2c, 0x3c, 0x0a, 0xbf, 0x9e, 
  0xce, 0xf4, 0x87, 0xe8, 0xf1, 0x19, 0xfa, 0x0a, 0x3f, 0x49, 0x93, 0x92, 0xff, 0x00, 0x47, 0xf9, 
  0xde, 0x3a, 0xee, 0xad, 0xd6, 0xb2, 0xba, 0xab, 0x72, 0x70, 0x71, 0xdd, 0x8b, 0x4d, 0xbe, 0x98, 
  0xe9, 0xd4, 0xdb, 0x5c, 0xb6, 0xba, 0xe8, 0x6f, 0xa1, 0x8a, 0xea, 0x7d, 0x6f, 0xd1, 0xdf, 0x66, 
  0x2e, 0xeb, 0x2c, 0xaf, 0xd3, 0xf5, 0xfd, 0x3b, 0xae, 0xb6, 0xda, 0x99, 0xea, 0x22, 0x0e, 0x85, 
  0x97, 0xf6, 0xdb, 0xaf, 0xc9, 0xcd, 0xfb, 0x49, 0xb0, 0x6f, 0xcb, 0xb8, 0x0b, 0xeb, 0xb5, 0xae, 
  0x3f, 0x4f, 0xed, 0xb8, 0xee, 0xab, 0xed, 0xb5, 0xe3, 0xbb, 0xfe, 0xe4, 0x37, 0x1a, 0xec, 0x5f, 
  0xf4, 0x8a, 0xc8, 0xe5, 0xa1, 0x11, 0xea, 0x20, 0x7e, 0x95, 0x7c, 0xf2, 0xbf, 0xdd, 0xfe, 0x5f, 
  0x3b, 0x1f, 0xb8, 0x4e, 0xde, 0x4f, 0x6b, 0xf5, 0x7f, 0xf6, 0x57, 0x4e, 0xcc, 0xbf, 0xa8, 0xf5, 
  0x8e, 0xa7, 0x50, 0xea, 0x77, 0x8f, 0x49, 0x94, 0xe5, 0x65, 0xd7, 0x6d, 0xb4, 0x54, 0x3f, 0xc1, 
  0xd8, 0xfd, 0xfe, 0x93, 0x6f, 0xbd, 0xff, 0x00, 0xa4, 0xc8, 0xf4, 0x18, 0xcc, 0x7a, 0xfd, 0x94, 
  0x53, 0xfc, 0xde, 0xfb, 0x3a, 0xda, 0xae, 0xaa, 0xea, 0xdb, 0x6d, 0x2f, 0x6d, 0x95, 0xbb, 0x56, 
  0xbd, 0x84, 0x39, 0xa4, 0x7f, 0x25, 0xcd, 0x5c, 0x27, 0x47, 0x77, 0x4e, 0x77, 0xa5, 0xd3, 0x9d, 
  0xd4, 0x1f, 0xd3, 0xdb, 0x91, 0xec, 0xa7, 0xd0, 0x18, 0x16, 0x51, 0x71, 0xff, 0x00, 0x47, 0x8f, 
  0x9d, 0x8f, 0x8b, 0xfc, 0xef, 0xfc, 0x0e, 0x4b, 0x29, 0xc9, 0x5d, 0x5f, 0x45, 0xfa, 0xb9, 0xd2, 
  0x7a, 0x1b, 0x2c, 0x6f, 0x4f, 0xa8, 0xb1, 0xd7, 0x1d, 0xd7, 0x58, 0xe7, 0x39, 0xce, 0x7b, 0xbf, 
  0x79, 0xdb, 0x8e, 0xcf, 0xf3, 0x1a, 0xaa, 0xe6, 0x02, 0xec, 0x93, 0xc5, 0xd3, 0xf7, 0x6b, 0xf9, 
  0x7f, 0x7d, 0x92, 0x24, 0xf6, 0x74, 0xd2, 0x49, 0x25, 0x0a, 0xe5, 0x24, 0x92, 0x49, 0x29, 0x49, 
  0x24, 0x92, 0x4a, 0x7f, 0xff, 0xd0, 0xf5, 0x44, 0x92, 0x49, 0x25, 0x29, 0x72, 0x9d, 0x57, 0xeb, 
  0x13, 0x33, 0xeb, 0xea, 0x7d, 0x32, 0x92, 0x68, 0xaa, 0xac, 0x8c, 0x7c, 0x17, 0xe5, 0x83, 0x04, 
  0xb6, 0xf7, 0x16, 0xe7, 0xbe, 0xbf, 0xdd, 0xf4, 0x29, 0xae, 0xfa, 0x9a, 0xff, 0x00, 0xf4, 0xaa, 
  0xff, 0x00, 0x58, 0xeb, 0x77, 0x61, 0x75, 0xde, 0x91, 0x81, 0x58, 0x9a, 0x72, 0x9e, 0xff, 0x00, 
  0xb6, 0x18, 0x9d, 0xad, 0x70, 0xf4, 0x71, 0x3f, 0xab, 0xbf, 0x2d, 0xcd, 0x5e, 0x71, 0x76, 0x6d, 
  0xbd, 0x46, 0xaa, 0xfe, 0xae, 0xf4, 0xda, 0x7d, 0x7c, 0xac, 0xe6, 0xe2, 0xb2, 0xd7, 0xfe, 0xeb, 
  0xa8, 0x37, 0x64, 0x64, 0xeb, 0xf9, 0xaf, 0x6e, 0x4d, 0xf6, 0x3a, 0xfb, 0x7f, 0x32, 0x95, 0x67, 
  0x06, 0x03, 0x2f, 0x51, 0xf0, 0x95, 0xfe, 0xe8, 0xe2, 0xf5, 0x4a, 0x5f, 0xe2, 0xb1, 0xce, 0x75, 
  0xa0, 0x45, 0xd5, 0xba, 0xdb, 0x3d, 0x2e, 0x99, 0x8f, 0xd2, 0x36, 0xc6, 0x0b, 0x2e, 0xc8, 0x7d, 
  0x75, 0xb3, 0x7d, 0x6c, 0x75, 0xf6, 0xfd, 0xa6, 0x9a, 0x4b, 0x76, 0xed, 0xb3, 0xec, 0x95, 0xb6, 
  0x86, 0xbf, 0xfc, 0x0f, 0xac, 0xc5, 0x2a, 0x3a, 0x67, 0x45, 0xb3, 0x14, 0xe5, 0xe7, 0xdf, 0x7e, 
  0x46, 0x6d, 0xae, 0xf5, 0x6d, 0xbb, 0xd6, 0xc7, 0x69, 0x73, 0x9d, 0xee, 0xd9, 0xf6, 0x0b, 0x9f, 
  0x66, 0x56, 0x4e, 0xf7, 0x7f, 0x39, 0xea, 0x7a, 0x2f, 0xb3, 0xf9, 0x0b, 0x5b, 0xa5, 0xe0, 0x5f, 
  0xd2, 0x0f, 0xec, 0xfa, 0x3a, 0xb7, 0x4d, 0x6b, 0xef, 0x78, 0x67, 0xea, 0xb9, 0x0f, 0x65, 0xd7, 
  0x59, 0x3b, 0x5a, 0xdb, 0xaf, 0xaf, 0x1b, 0x22, 0xff, 0x00, 0xd1, 0xee, 0xf6, 0x62, 0x51, 0x65, 
  0x0c, 0xad, 0x76, 0x18, 0x18, 0x9f, 0xf3, 0x73, 0x12, 0xfe, 0xa3, 0xd6, 0xfa, 0xad, 0x97, 0xb4, 
  0x09, 0xb0, 0xdb, 0xfc, 0xd5, 0x40, 0x9d, 0x1b, 0x4c, 0x87, 0xe4, 0x59, 0x66, 0xe7, 0x7a, 0x7b, 
  0x9f, 0x63, 0xec, 0xb7, 0xfd, 0x1a, 0xb1, 0x93, 0x30, 0x80, 0x11, 0x87, 0x7d, 0x3f, 0x7f, 0x27, 
  0x11, 0xfe, 0xef, 0xef, 0x2c, 0x8c, 0x09, 0xd4, 0xff, 0x00, 0x60, 0x70, 0xfa, 0x67, 0xd5, 0xee, 
  0xa1, 0xd5, 0xf0, 0x99, 0x65, 0x19, 0x36, 0x74, 0xfc, 0x70, 0x60, 0xd1, 0x95, 0x8b, 0x67, 0xbc, 
  0x0f, 0xde, 0xc1, 0xce, 0xca, 0xcb, 0xc4, 0x75, 0x7f, 0xcb, 0xaa, 0xba, 0x96, 0xf7, 0xfc, 0xd4, 
  0xfa, 0xb7, 0x8c, 0x68, 0xcb, 0xc8, 0xa5, 0x8c, 0xbf, 0x18, 0x87, 0x57, 0x91, 0xea, 0x59, 0x53, 
  0x5a, 0xff, 0x00, 0xde, 0xa9, 0xbe, 0xb6, 0xca, 0x1a, 0xe7, 0x7f, 0x82, 0x62, 0xa5, 0xd7, 0x3e, 
  0xb5, 0x5f, 0x77, 0x43, 0xa3, 0xa8, 0xfd, 0x57, 0xb6, 0xbb, 0x9f, 0x66, 0x65, 0x58, 0xaf, 0xf5, 
  0x58, 0xe1, 0x0e, 0x79, 0xdb, 0xe8, 0xd8, 0xdb, 0x7d, 0x37, 0x52, 0xff, 0x00, 0x55, 0xd5, 0x57, 
  0xee, 0xff, 0x00, 0x48, 0xb0, 0x7e, 0xb4, 0xe4, 0x62, 0xfd, 0x60, 0x1d, 0x1f, 0xa8, 0xb3, 0x1e, 
  0xb7, 0x5a, 0x6f, 0xb3, 0xa5, 0xe6, 0xe1, 0x66, 0x39, 0xcd, 0x65, 0x39, 0x16, 0x08, 0x63, 0x32, 
  0x7d, 0x3f, 0x7b, 0x1d, 0x45, 0xed, 0x73, 0xab, 0xb3, 0x6f, 0xe9, 0x14, 0x00, 0x65, 0x99, 0x16, 
  0x4c, 0x22, 0x4c, 0x86, 0x9f, 0x34, 0x74, 0xf9, 0x67, 0xf2, 0x7c, 0xcb, 0xfd, 0x23, 0x61, 0x6f, 
  0x5b, 0xd4, 0xa8, 0xfa, 0x9d, 0xea, 0xde, 0x3a, 0x95, 0x38, 0x46, 0xea, 0xaa, 0xfb, 0x4e, 0x47, 
  0xa9, 0x5b, 0x0b, 0xc5, 0x73, 0xb7, 0xed, 0x16, 0x7b, 0x77, 0xec, 0xdf, 0xf9, 0xea, 0xdf, 0x4f, 
  0xeb, 0xdd, 0x0b, 0x3e, 0x6b, 0xe9, 0xf9, 0xb4, 0x5f, 0xe8, 0xb3, 0x7b, 0x9b, 0x5b, 0xc1, 0x2d, 
  0x60, 0xd3, 0x7b, 0xc4, 0xfb, 0x59, 0xfc, 0xa5, 0xcd, 0xf4, 0xbe, 0x9f, 0x6f, 0x4d, 0xfa, 0xd7, 
  0xd3, 0x3a, 0x7e, 0x63, 0xc6, 0x4b, 0xc7, 0x44, 0x38, 0xf7, 0x59, 0x1e, 0xd7, 0x1a, 0xad, 0x07, 
  0xf3, 0xbf, 0x37, 0x6f, 0xef, 0xae, 0x7e, 0xac, 0xaa, 0x6a, 0xfa, 0xad, 0x46, 0x1d, 0x74, 0x3f, 
  0xed, 0x3d, 0x77, 0x2b, 0x24, 0xe4, 0xbf, 0x1e, 0xad, 0xd9, 0x03, 0x02, 0xbb, 0x9d, 0xf6, 0xad, 
  0x8c, 0x60, 0xf5, 0x36, 0xbb, 0x6f, 0xa2, 0xc6, 0x7f, 0x5d, 0x0f, 0x68, 0x48, 0x01, 0xc4, 0x65, 
  0xf2, 0xd1, 0xe9, 0xea, 0xe2, 0xe2, 0xd3, 0xfe, 0xa6, 0x9e, 0x2a, 0xe9, 0x4f, 0xaa, 0x31, 0xec, 
  0x7b, 0x43, 0xd8, 0xe0, 0xe6, 0xb8, 0x48, 0x70, 0x32, 0x08, 0xf2, 0x21, 0x3a, 0xf3, 0xce, 0x95, 
  0x9d, 0x95, 0x6f, 0xd5, 0xcf, 0xaa, 0xfd, 0x1f, 0xa7, 0x5a, 0xfa, 0x2e, 0xce, 0xc8, 0xb0, 0xd9, 
  0x65, 0x46, 0x1e, 0xdc, 0x6c, 0x5b, 0x2c, 0x75, 0xfa, 0x8f, 0xde, 0xfd, 0x1d, 0x6b, 0xd0, 0xd4, 
  0x39, 0x31, 0x98, 0x1a, 0x27, 0xac, 0x87, 0xf8, 0x92, 0xe1, 0x5d, 0x19, 0x5f, 0xe0, 0xa4, 0x92, 
  0x49, 0x31, 0x2a, 0x49, 0x24, 0x92, 0x53, 0xff, 0xd1, 0xf5, 0x44, 0xc4, 0x86, 0x82, 0xe2, 0x60, 
  0x0d, 0x49, 0xf2, 0x4e, 0xb3, 0xfa, 0xdf, 0x55, 0xc3, 0xe9, 0x58, 0x6d, 0xc8, 0xcd, 0x91, 0x8f, 
  0x6d, 0xac, 0xa2, 0xc7, 0x88, 0x01, 0x82, 0xd3, 0xe9, 0x7a, 0x8f, 0x9f, 0xf0, 0x6c, 0xdd, 0xef, 
  0x44, 0x02, 0x48, 0x03, 0xaa, 0x9e, 0x0f, 0xab, 0x7d, 0x68, 0x36, 0xd1, 0x83, 0xd7, 0xae, 0xa7, 
  0xf4, 0xaf, 0x77, 0xa0, 0x68, 0x68, 0x20, 0x0b, 0x71, 0x32, 0x6b, 0xce, 0xa4, 0x39, 0xce, 0xff, 
  0x00, 0x4f, 0x8a, 0xe6, 0x5c, 0xb2, 0xba, 0x6f, 0x4e, 0x6b, 0x30, 0xac, 0xea, 0xb9, 0xf9, 0x96, 
  0xd7, 0x7f, 0x50, 0x6b, 0xb2, 0x72, 0x30, 0xf1, 0xeb, 0x64, 0x1c, 0x67, 0x3c, 0xd8, 0xdb, 0xb3, 
  0x72, 0x32, 0x1d, 0x5d, 0x38, 0x98, 0x99, 0x57, 0x0d, 0xcc, 0xa6, 0xcf, 0xe9, 0x3f, 0xa3, 0xf4, 
  0xeb, 0xc9, 0xfe, 0x6d, 0x0f, 0xac, 0x64, 0x39, 0xe2, 0xbf, 0xab, 0x56, 0x16, 0xd5, 0x63, 0x72, 
  0x31, 0xdb, 0x99, 0x63, 0xf4, 0x6b, 0x1d, 0x8f, 0x51, 0xc0, 0xb2, 0xd9, 0xfd, 0xd7, 0x52, 0xca, 
  0xf2, 0xbf, 0x97, 0x52, 0xda, 0xe8, 0xfd, 0x2d, 0xd9, 0x3d, 0x57, 0x1a, 0xae, 0x9b, 0x73, 0x9d, 
  0x58, 0xb5, 0xb7, 0xdf, 0x95, 0x93, 0xb6, 0xdb, 0x43, 0x18, 0xd6, 0x86, 0xda, 0xca, 0x5c, 0x1b, 
  0x87, 0x87, 0x95, 0x75, 0x6d, 0x65, 0x78, 0x98, 0xec, 0xa7, 0x23, 0x37, 0x13, 0x13, 0xf4, 0xf7, 
  0xfd, 0x93, 0xf4, 0x74, 0xad, 0x13, 0x50, 0xc7, 0xa7, 0xa7, 0x8b, 0xd5, 0xdf, 0xf5, 0x63, 0xe5, 
  0x0c, 0x03, 0x59, 0x77, 0xaf, 0xfa, 0x4f, 0x53, 0xf5, 0x4b, 0xa4, 0xd2, 0x30, 0xe9, 0xea, 0xb9, 
  0x18, 0x8f, 0xa3, 0x36, 0xc6, 0x91, 0x4b, 0x6f, 0x70, 0x7d, 0x95, 0x52, 0x7e, 0x83, 0x19, 0x55, 
  0x55, 0xe3, 0xe3, 0x61, 0xfa, 0x8c, 0xf7, 0xbe, 0xac, 0x7a, 0x19, 0xff, 0x00, 0x0a, 0xaf, 0x7d, 
  0x66, 0xe8, 0xce, 0xeb, 0x5d, 0x1e, 0xec, 0x2a, 0xac, 0xf4, 0x72, 0x25, 0xb6, 0xe3, 0x5a, 0x75, 
  0x0d, 0xb6, 0xa7, 0x0b, 0x69, 0x2e, 0xfe, 0x46, 0xf6, 0xed, 0x7a, 0xd4, 0x54, 0x7a, 0x9f, 0x59, 
  0xc0, 0xe9, 0x8d, 0x9c, 0xab, 0x3d, 0xe4, 0x17, 0x36, 0xa6, 0xea, 0xf2, 0x07, 0x2e, 0xdb, 0xf9, 
  0xac, 0xfe, 0x5d, 0x9e, 0xc5, 0x43, 0x8e, 0x46, 0x7c, 0x43, 0x7b, 0xb8, 0x8d, 0xe9, 0x9a, 0x85, 
  0x53, 0xc8, 0xe4, 0xe2, 0xfd, 0x69, 0xfa, 0xd0, 0xe3, 0xd3, 0x32, 0xf1, 0x2c, 0xe9, 0x14, 0x37, 
  0x1d, 0xcc, 0xcd, 0xb1, 0xe1, 0xae, 0xa5, 0xd9, 0x21, 0xf5, 0xd9, 0x46, 0x56, 0x1f, 0xa6, 0x45, 
  0x96, 0xfb, 0xab, 0x73, 0xbf, 0x9c, 0x5d, 0x1e, 0x1f, 0xd5, 0x0f, 0xab, 0xd8, 0x6e, 0x73, 0xea, 
  0xc3, 0x61, 0x73, 0xc5, 0x7e, 0xa0, 0x76, 0xe7, 0x35, 0xce, 0xa4, 0x97, 0xd5, 0x79, 0xae, 0xc7, 
  0x3d, 0xbe, 0xbe, 0xf7, 0x6e, 0xf5, 0xbf, 0x9d, 0x54, 0x7f, 0xf1, 0xc2, 0xe8, 0x27, 0x46, 0x8b, 
  0x5e, 0xe3, 0xc3, 0x1a, 0x6a, 0x73, 0x89, 0xfd, 0xd6, 0x34, 0x5f, 0xee, 0x72, 0x3e, 0x6f, 0xd7, 
  0x7e, 0x87, 0x85, 0x91, 0xf6, 0x7b, 0x9c, 0xfd, 0xe6, 0xb6, 0x5a, 0x20, 0x34, 0x7b, 0x6c, 0x6f, 
  0xa9, 0x59, 0xdb, 0x63, 0xd8, 0xff, 0x00, 0xa2, 0x7f, 0x71, 0x49, 0x2f, 0x74, 0xfa, 0x44, 0x4c, 
  0x23, 0xbf, 0x0c, 0x7f, 0x15, 0xa3, 0x87, 0x7b, 0xbf, 0x37, 0xa0, 0x80, 0x9b, 0x63, 0x37, 0x07, 
  0xc0, 0xdc, 0x34, 0x0e, 0x8d, 0x40, 0x3e, 0x6b, 0x27, 0x1f, 0xeb, 0x4f, 0x47, 0xbf, 0xa6, 0x5f, 
  0xd4, 0xc5, 0xa6, 0xbc, 0x7c, 0x51, 0x37, 0x7a, 0x90, 0xd7, 0x00, 0x7f, 0x9a, 0x23, 0xdd, 0xb1, 
  0xde, 0xbf, 0xf8, 0x1f, 0x7a, 0xa2, 0xdf, 0xaf, 0xfd, 0x09, 0xf8, 0xf7, 0x64, 0xb4, 0xbc, 0x57, 
  0x40, 0x69, 0x73, 0x9d, 0xb0, 0x34, 0xcb, 0x9b, 0x5e, 0xc6, 0xda, 0x2c, 0x75, 0x7e, 0xab, 0x3d, 
  0x46, 0x3b, 0xd3, 0x7b, 0xbe, 0x82, 0x8c, 0x63, 0x99, 0xba, 0x89, 0xd0, 0xd7, 0xd5, 0x77, 0x10, 
  0xee, 0x97, 0xaa, 0x7d, 0x48, 0xe8, 0x9d, 0x40, 0x54, 0xea, 0xc5, 0xbd, 0x3e, 0xec, 0x70, 0xe1, 
  0x45, 0xd8, 0x6f, 0x35, 0x16, 0x6f, 0x71, 0xb5, 0xfb, 0x58, 0xdf, 0xd1, 0xfb, 0xec, 0x76, 0xff, 
  0x00, 0xa0, 0xb6, 0xec, 0xb6, 0x8c, 0x3c, 0x57, 0x5b, 0x91, 0x68, 0xae, 0x8a, 0x19, 0x36, 0x5b, 
  0x63, 0xa0, 0x06, 0xb4, 0x6a, 0xfb, 0x1e, 0xe5, 0x89, 0x83, 0xf5, 0xdb, 0xa2, 0xe6, 0xd3, 0x93, 
  0x7b, 0x5c, 0x6b, 0xa7, 0x0e, 0xbf, 0x56, 0xdb, 0x5e, 0x5a, 0x59, 0x12, 0x1b, 0xb3, 0xd4, 0x63, 
  0xdd, 0xb6, 0xdf, 0x7b, 0x3d, 0x8e, 0xfd, 0xf4, 0xba, 0x6f, 0xd6, 0xae, 0x87, 0xf5, 0x86, 0xd7, 
  0x74, 0xd6, 0x57, 0xeb, 0x0b, 0x58, 0xed, 0xec, 0x78, 0x65, 0x95, 0x91, 0x1e, 0xea, 0xed, 0xd8, 
  0xeb, 0x3e, 0x93, 0x7f, 0x7f, 0xe9, 0xa3, 0x28, 0xe4, 0x23, 0xd4, 0x24, 0x44, 0x37, 0xfe, 0xad, 
  0xa0, 0x18, 0xf4, 0xad, 0x5c, 0x16, 0x7d, 0x7e, 0xca, 0xb7, 0xae, 0x59, 0x94, 0xe6, 0xbe, 0xae, 
  0x8f, 0x5d, 0x00, 0x61, 0x61, 0x06, 0x03, 0x91, 0x99, 0x65, 0xef, 0xd9, 0x89, 0x65, 0x35, 0xba, 
  0x2c, 0xfd, 0x2f, 0xa7, 0x63, 0xea, 0xff, 0x00, 0x80, 0xfa, 0x7f, 0xce, 0xae, 0xf1, 0x8e, 0x2e, 
  0x63, 0x5c, 0x41, 0x6e, 0xe0, 0x0e, 0xd7, 0x72, 0x27, 0xf3, 0x5c, 0xb8, 0x1f, 0xad, 0x3d, 0x29, 
  0x9d, 0x13, 0xa9, 0x1e, 0xb6, 0x32, 0x4d, 0x2f, 0xea, 0x77, 0xb7, 0x1d, 0xdd, 0x44, 0xd7, 0xb8, 
  0x74, 0xfc, 0x71, 0x5e, 0xc7, 0x0c, 0x66, 0x32, 0x7f, 0x4d, 0x7e, 0xcf, 0x42, 0xbc, 0x8d, 0xbf, 
  0xa1, 0xaf, 0xfe, 0xdc, 0x47, 0xfa, 0xa5, 0x75, 0x58, 0xdd, 0x53, 0x23, 0x2b, 0x1f, 0x2b, 0x25, 
  0x9f, 0x57, 0xef, 0xad, 0x94, 0xe3, 0xdb, 0xd4, 0xad, 0x3b, 0xb2, 0x72, 0xcb, 0xff, 0x00, 0xa4, 
  0x61, 0xb6, 0xfd, 0xb6, 0x7a, 0x6e, 0x61, 0xf4, 0xff, 0x00, 0xe1, 0x5f, 0xff, 0x00, 0x81, 0xcb, 
  0x93, 0x1c, 0x25, 0x11, 0x38, 0x0e, 0x10, 0x23, 0xf6, 0xcb, 0xf7, 0x7f, 0xbc, 0x80, 0x48, 0x34, 
  0x5e, 0xe5, 0x24, 0x92, 0x55, 0x97, 0xbf, 0xff, 0xd2, 0xf5, 0x45, 0x83, 0xf5, 0xbd, 0xf8, 0xf6, 
  0xe0, 0xb3, 0x01, 0xcd, 0x16, 0xe5, 0xdc, 0x7e, 0xd1, 0x89, 0x8a, 0xe1, 0x3e, 0xb9, 0xc5, 0x2c, 
  0xbf, 0x23, 0x15, 0xbf, 0xf0, 0x97, 0x63, 0xfa, 0x95, 0xb1, 0x8b, 0x79, 0x73, 0x7f, 0x5d, 0x70, 
  0x6a, 0xc8, 0xc4, 0xc7, 0xcc, 0x7b, 0x8b, 0x4f, 0x4e, 0xb7, 0xd6, 0xb1, 0xf5, 0xcf, 0xa9, 0x55, 
  0x4e, 0x06, 0xa7, 0xe7, 0x52, 0xd6, 0xfb, 0xb7, 0xe0, 0xd9, 0xe9, 0x66, 0x7f, 0xc5, 0xd1, 0x6d, 
  0x69, 0xf8, 0xbe, 0x78, 0xf9, 0xfe, 0x3f, 0xa2, 0x89, 0x6c, 0x5f, 0x39, 0xce, 0xcb, 0xe8, 0xf7, 
  0xf5, 0xca, 0x5f, 0x96, 0x06, 0x4e, 0x16, 0x1e, 0x3f, 0xa4, 0xe7, 0x97, 0x6c, 0xfb, 0x57, 0xa6, 
  0x1f, 0xfb, 0x3b, 0xd7, 0xb9, 0xbf, 0x47, 0xf4, 0x2f, 0xc3, 0xab, 0x2a, 0xcf, 0xf8, 0x0b, 0x97, 
  0x73, 0xf5, 0x2b, 0xa7, 0xe2, 0x8e, 0xa5, 0x95, 0x9a, 0x5c, 0x0e, 0x4d, 0x54, 0xd7, 0x4d, 0x74, 
  0xed, 0xf4, 0xfd, 0x3a, 0xec, 0x9b, 0x9d, 0x6b, 0x71, 0x7e, 0x8e, 0x0d, 0x59, 0x4e, 0x67, 0xea, 
  0x98, 0xce, 0xfd, 0x6b, 0xec, 0x74, 0xd5, 0x91, 0x99, 0xfa, 0x7c, 0x95, 0xc4, 0xe4, 0xe6, 0x60, 
  0xe2, 0x7d, 0x65, 0x39, 0xee, 0xae, 0x9a, 0xec, 0x76, 0x3e, 0xf7, 0x80, 0xdf, 0x52, 0x8a, 0xfa, 
  0x83, 0xbf, 0x44, 0xfc, 0xaa, 0xeb, 0xf7, 0xef, 0xa9, 0xb6, 0xfe, 0xbb, 0x43, 0x7f, 0xc2, 0x7b, 
  0x3f, 0xd2, 0x2e, 0xff, 0x00, 0xea, 0x55, 0x78, 0x94, 0x3f, 0xa8, 0x50, 0xc6, 0xbd, 0xb9, 0x8e, 
  0x7d, 0x77, 0xe5, 0x32, 0xcf, 0x75, 0x8c, 0x6d, 0x8d, 0x2d, 0xc5, 0x66, 0x65, 0xbf, 0xe1, 0x3a, 
  0x85, 0xd5, 0xd6, 0xec, 0xcc, 0xdf, 0xf4, 0x76, 0xe4, 0xfa, 0x6a, 0xef, 0x32, 0x6b, 0x10, 0xab, 
  0x1e, 0x91, 0xff, 0x00, 0x4b, 0xd4, 0xc5, 0x8f, 0xe6, 0x3b, 0x1d, 0x5e, 0xa1, 0x78, 0xe7, 0x56, 
  0xea, 0x3f, 0xb5, 0x3e, 0xb1, 0x1a, 0xf3, 0x3d, 0xd5, 0xbf, 0xdc, 0x29, 0x76, 0xac, 0x75, 0xc4, 
  0x4e, 0x35, 0x76, 0xb6, 0x5b, 0xea, 0xd5, 0x4d, 0x45, 0xac, 0xc7, 0xa7, 0xfd, 0x37, 0xfe, 0x18, 
  0xb1, 0x7b, 0x1a, 0xf1, 0x9f, 0xad, 0xbd, 0x03, 0x33, 0x0b, 0xa9, 0xd8, 0xd6, 0x31, 0xcf, 0x0d, 
  0x1c, 0x36, 0x4b, 0xcb, 0x1a, 0x4f, 0xa5, 0x95, 0x58, 0x6f, 0xb9, 0xec, 0xd9, 0xb2, 0xbb, 0x7d, 
  0x2f, 0xe8, 0xd7, 0x55, 0xfa, 0x4f, 0xf0, 0x4f, 0x51, 0x72, 0x5c, 0x3c, 0x72, 0x04, 0xd1, 0x23, 
  0xd2, 0x57, 0x65, 0xba, 0x15, 0xdf, 0x57, 0x6b, 0x23, 0xfc, 0x5f, 0x5f, 0x93, 0xd4, 0x31, 0x32, 
  0x7a, 0x43, 0xaa, 0x38, 0x6e, 0x35, 0xda, 0x72, 0x48, 0x0c, 0x63, 0xab, 0x04, 0x3f, 0x77, 0xa3, 
  0x58, 0xf6, 0x65, 0x37, 0x6e, 0xdd, 0x8c, 0x63, 0x2a, 0xbb, 0xfe, 0x0a, 0xd6, 0x5a, 0x83, 0xfe, 
  0x30, 0xb0, 0x2b, 0xaf, 0xa8, 0x74, 0xfc, 0x6d, 0xd3, 0x63, 0xfd, 0x0a, 0x5f, 0x6c, 0x6a, 0x41, 
  0x6f, 0xa3, 0xbd, 0xad, 0x27, 0xdb, 0xf4, 0x1a, 0xef, 0x49, 0x3f, 0xd5, 0x6f, 0xaf, 0xb6, 0xe1, 
  0x0a, 0xb0, 0xef, 0xad, 0xf9, 0x0d, 0x73, 0xff, 0x00, 0x4e, 0xc6, 0x37, 0x71, 0x64, 0xff, 0x00, 
  0x39, 0x95, 0x5b, 0x83, 0x83, 0x6a, 0xaf, 0xfc, 0x3e, 0x4d, 0x4f, 0xaf, 0xf9, 0xdf, 0x57, 0xd3, 
  0xfe, 0x73, 0xd8, 0x5f, 0xf1, 0x96, 0x5c, 0xfc, 0xfc, 0x2b, 0xb1, 0x7f, 0x4c, 0x40, 0xaa, 0xe6, 
  0x6c, 0x1b, 0xe5, 0xa0, 0x5b, 0xb2, 0xc8, 0x67, 0xd2, 0xa5, 0xce, 0x53, 0x47, 0xde, 0x19, 0xe1, 
  0x1c, 0x87, 0xe5, 0x12, 0x10, 0x92, 0xc3, 0xc2, 0x60, 0x48, 0xeb, 0xbb, 0x83, 0xd3, 0xb2, 0x06, 
  0x06, 0x4d, 0xbd, 0x2e, 0xf3, 0xf6, 0x9c, 0x4b, 0xc3, 0x8e, 0x3c, 0x7b, 0x5b, 0x73, 0x49, 0x71, 
  0x65, 0x7b, 0x6c, 0xf6, 0xfe, 0x9e, 0xd6, 0xfb, 0x6b, 0xb7, 0xf9, 0x9c, 0xdf, 0xd1, 0xff, 0x00, 
  0x85, 0x5a, 0x9f, 0x56, 0xb0, 0xe9, 0xac, 0xf5, 0x9c, 0x52, 0xc3, 0xb2, 0x91, 0x76, 0xd6, 0xbf, 
  0x52, 0x0b, 0x5b, 0x44, 0x35, 0xdb, 0xff, 0x00, 0x73, 0xe8, 0x7b, 0xd0, 0xf3, 0xba, 0x4e, 0x5f, 
  0x57, 0xfa, 0xbc, 0xce, 0xb2, 0xfa, 0x0e, 0x3e, 0xc7, 0x16, 0x37, 0x78, 0x2d, 0x70, 0x2d, 0x86, 
  0xfa, 0xb6, 0x13, 0xb7, 0xf5, 0x7b, 0x76, 0xfd, 0x9f, 0xed, 0x3e, 0xcf, 0xd2, 0x57, 0x46, 0x55, 
  0xdf, 0xf6, 0xa2, 0xc4, 0x7f, 0xa8, 0xf8, 0xd9, 0x97, 0x5b, 0x9b, 0x8f, 0x78, 0x77, 0xda, 0x72, 
  0xeb, 0xbc, 0xcb, 0xdc, 0x0b, 0xc9, 0x2c, 0xa7, 0xf4, 0x8f, 0x74, 0xbb, 0xe9, 0x59, 0xec, 0xde, 
  0xf4, 0xec, 0x92, 0x07, 0x1c, 0xe5, 0x75, 0x2d, 0xa7, 0x1b, 0xfd, 0x28, 0xfe, 0x92, 0x00, 0x36, 
  0x07, 0xd8, 0x58, 0xfd, 0x45, 0xc0, 0xc7, 0xcf, 0xc7, 0xea, 0xd8, 0x77, 0x7b, 0x6a, 0x05, 0xee, 
  0x6c, 0x6a, 0x01, 0xaf, 0xd3, 0xd9, 0xb9, 0xae, 0xf6, 0xd8, 0xcf, 0xf8, 0x37, 0xa2, 0x7f, 0x8b, 
  0xda, 0xab, 0xa7, 0xeb, 0x46, 0x45, 0x55, 0x08, 0xad, 0x92, 0x18, 0x26, 0x60, 0x6c, 0x7b, 0xa2, 
  0x4f, 0xc5, 0x65, 0x74, 0xde, 0xab, 0xd4, 0x3e, 0xad, 0x65, 0x66, 0xd2, 0x71, 0xde, 0xef, 0x5c, 
  0xbc, 0x1d, 0xad, 0x9d, 0x1f, 0xed, 0x75, 0x6f, 0xdc, 0x3d, 0x9b, 0x76, 0x37, 0xfe, 0x13, 0x7f, 
  0xf8, 0x3f, 0x4d, 0x6e, 0xff, 0x00, 0x8b, 0x6c, 0x1c, 0xdb, 0xba, 0xa6, 0x47, 0x54, 0xb9, 0x86, 
  0xa6, 0x19, 0x3b, 0x48, 0x23, 0x90, 0x58, 0xc6, 0xeb, 0xee, 0xfc, 0xef, 0xcf, 0xfd, 0xcf, 0x51, 
  0x0c, 0xd6, 0x23, 0x9a, 0x44, 0xfa, 0x32, 0x01, 0xc1, 0xaf, 0xcd, 0x25, 0x47, 0x53, 0x01, 0xd6, 
  0x3b, 0xbe, 0x89, 0x95, 0x4b, 0xef, 0xc6, 0xb6, 0x9a, 0xec, 0xf4, 0x9f, 0x63, 0x0b, 0x59, 0x68, 
  0x01, 0xc5, 0x8e, 0x23, 0xdb, 0x66, 0xcb, 0x37, 0x31, 0xdb, 0x1d, 0xee, 0xf7, 0xaf, 0x30, 0x7f, 
  0xd5, 0xae, 0xa5, 0xd5, 0xf2, 0xb2, 0xb2, 0x69, 0x2f, 0x34, 0xb0, 0x37, 0x1c, 0xf5, 0x5e, 0xb2, 
  0xe7, 0x36, 0xd1, 0x73, 0x2c, 0x2e, 0xbf, 0x2f, 0xa6, 0xd4, 0xcf, 0xe6, 0x6b, 0xab, 0x67, 0xa4, 
  0xca, 0xfe, 0x82, 0xf5, 0x45, 0xe6, 0x7f, 0xe3, 0x06, 0x9c, 0x56, 0xf5, 0x92, 0x1d, 0x5e, 0x33, 
  0xec, 0xb9, 0x8c, 0x75, 0x86, 0xdb, 0x6c, 0xbb, 0x24, 0xb6, 0x3d, 0x38, 0xc3, 0xc0, 0x73, 0x6d, 
  0xc6, 0xc6, 0xfa, 0x1f, 0xce, 0x7a, 0x2f, 0x55, 0x79, 0x59, 0x1e, 0x23, 0x11, 0xa1, 0x3d, 0x6b, 
  0x8b, 0x66, 0x59, 0x81, 0x57, 0xd9, 0xf4, 0x6c, 0x3c, 0x9a, 0x32, 0x68, 0x6b, 0xe8, 0xbd, 0x99, 
  0x4d, 0x6f, 0xb1, 0xd7, 0x56, 0x43, 0x9a, 0x5c, 0xdf, 0x6b, 0xfe, 0x81, 0x73, 0x77, 0x6e, 0x46, 
  0x5c, 0xbf, 0xf8, 0xbe, 0x75, 0x4d, 0xe8, 0xcf, 0xa2, 0x8e, 0x99, 0x7f, 0x4b, 0xa6, 0xab, 0x4e, 
  0xc6, 0xe4, 0x39, 0xce, 0x75, 0xbb, 0x83, 0x5c, 0xec, 0x8d, 0xd6, 0x57, 0x4f, 0xe7, 0x7b, 0x76, 
  0xb1, 0x9b, 0x17, 0x50, 0xa1, 0xc9, 0x1e, 0x19, 0xca, 0x3d, 0x8f, 0xf2, 0xf9, 0x57, 0x03, 0x62, 
  0xdf, 0xff, 0xd3, 0xf5, 0x45, 0xcd, 0xfd, 0x72, 0xc2, 0xb7, 0x6e, 0x1f, 0x58, 0xa2, 0xeb, 0x31, 
  0x9f, 0xd3, 0x5e, 0xef, 0x5a, 0xfa, 0x9b, 0xbc, 0xb2, 0x8b, 0x46, 0xdb, 0x6d, 0xb2, 0x9f, 0xfb, 
  0x53, 0x8f, 0x45, 0x8c, 0xa6, 0xec, 0x9c, 0x7f, 0xcf, 0xc6, 0xf5, 0xff, 0x00, 0xc2, 0x2e, 0x91, 
  0x66, 0xfd, 0x61, 0xa3, 0xaa, 0x5d, 0xd2, 0xae, 0xfd, 0x91, 0x71, 0xa7, 0xa8, 0x55, 0x16, 0x63, 
  0x91, 0x04, 0x3d, 0xcc, 0xf7, 0x7a, 0x16, 0x36, 0xcf, 0x63, 0x99, 0x73, 0x7f, 0x47, 0xee, 0x4e, 
  0xc6, 0x6a, 0x60, 0xe9, 0xdb, 0x5d, 0xbd, 0x5a, 0x20, 0xec, 0x5f, 0x2f, 0xb5, 0xdd, 0x37, 0xa3, 
  0x7d, 0x65, 0xc1, 0xea, 0x0c, 0xa2, 0xb6, 0x00, 0x2c, 0xb3, 0x27, 0x0c, 0x1d, 0xf4, 0xd7, 0x90, 
  0x1a, 0xff, 0x00, 0x42, 0xdc, 0x57, 0x7f, 0xdc, 0x1c, 0x97, 0x3f, 0x1b, 0x2b, 0x05, 0xff, 0x00, 
  0xe8, 0xff, 0x00, 0xe2, 0xf6, 0x57, 0xd7, 0xfd, 0x46, 0xbf, 0x1a, 0xac, 0xcb, 0x68, 0x05, 0xcf, 
  0xc8, 0xea, 0x34, 0x37, 0x34, 0x5a, 0xee, 0x6c, 0xae, 0xa7, 0x0c, 0x67, 0xe6, 0x5b, 0xbb, 0xdd, 
  0xbf, 0x3f, 0x36, 0xcc, 0xbc, 0x8a, 0xbf, 0xee, 0xb7, 0xa4, 0xb8, 0x9f, 0xac, 0x98, 0xd8, 0x7f, 
  0x63, 0xa7, 0xa8, 0x32, 0xb3, 0x5d, 0x8e, 0xb3, 0xd3, 0xf4, 0xab, 0xdc, 0x31, 0x6c, 0xac, 0x6e, 
  0x7d, 0xd4, 0xd1, 0x53, 0xe6, 0xee, 0x97, 0x99, 0x8f, 0x6e, 0xea, 0xf2, 0xba, 0x5d, 0x8f, 0xd9, 
  0x5f, 0xa9, 0xea, 0xe2, 0x2e, 0xa3, 0x1f, 0xac, 0x74, 0xcc, 0x2e, 0xbd, 0x9d, 0xd6, 0xda, 0x27, 
  0x13, 0x12, 0x8a, 0xeb, 0x3e, 0x98, 0x10, 0xda, 0xad, 0xfb, 0x16, 0x3f, 0x4e, 0xc7, 0x6f, 0xee, 
  0xfb, 0xbe, 0xd5, 0x76, 0xd5, 0x7f, 0x30, 0xe3, 0xc6, 0x2a, 0xc9, 0x31, 0x31, 0xff, 0x00, 0x0a, 
  0x12, 0xf4, 0xc7, 0xfe, 0x7b, 0x0c, 0x74, 0x91, 0xdb, 0x7f, 0xcd, 0xf4, 0x15, 0xca, 0xf5, 0xaf, 
  0xad, 0xff, 0x00, 0x52, 0xcd, 0xd7, 0x74, 0xde, 0xa8, 0xe3, 0x6d, 0x98, 0xcf, 0x2c, 0x7b, 0x3d, 
  0x1b, 0x1d, 0xb5, 0xe3, 0xe9, 0x7a, 0x76, 0xb1, 0xbe, 0xd7, 0x7f, 0x2e, 0xb7, 0xae, 0xa1, 0xfb, 
  0xf6, 0x38, 0xd7, 0x05, 0xf0, 0x76, 0x4f, 0x13, 0xf9, 0xb3, 0x1f, 0x9a, 0xbc, 0xc2, 0xdf, 0xf1, 
  0x5b, 0xf5, 0x8e, 0xfb, 0x6c, 0xbe, 0xec, 0xdc, 0x47, 0x5b, 0x73, 0xdd, 0x65, 0x8e, 0xfd, 0x26, 
  0xae, 0x79, 0x2f, 0x7f, 0xf8, 0x3f, 0xde, 0x72, 0xab, 0xcb, 0xc7, 0x14, 0x89, 0x39, 0x66, 0x61, 
  0x5f, 0x2d, 0x6f, 0x6c, 0x93, 0x32, 0x03, 0xd2, 0x2d, 0x96, 0x5f, 0xd6, 0xff, 0x00, 0xa9, 0xd8, 
  0xe6, 0x7a, 0x7f, 0x4b, 0xbb, 0x39, 0xc3, 0x56, 0xfd, 0xa1, 0xee, 0x65, 0x40, 0xff, 0x00, 0x29, 
  0x96, 0xbe, 0xd7, 0x58, 0xdf, 0xeb, 0xd4, 0xb2, 0x7a, 0x9f, 0xd7, 0xde, 0xbb, 0xd4, 0x2c, 0x6b, 
  0x83, 0x31, 0xb1, 0x9a, 0xc1, 0x15, 0x86, 0x52, 0xdb, 0x1c, 0xd1, 0xe0, 0x2d, 0xc9, 0x16, 0x78, 
  0x7e, 0x63, 0x18, 0xb4, 0xbf, 0xf1, 0xa8, 0xeb, 0xff, 0x00, 0xf7, 0x33, 0x13, 0xff, 0x00, 0x04, 
  0xff, 0x00, 0xc8, 0x2a, 0xf9, 0xbf, 0xe2, 0xc7, 0xeb, 0x36, 0x35, 0x41, 0xf4, 0x1a, 0x33, 0x5c, 
  0x5d, 0xb4, 0xd7, 0x53, 0x8b, 0x08, 0x11, 0xf4, 0xe7, 0x23, 0xd3, 0x66, 0xd5, 0x7a, 0x1f, 0x73, 
  0x04, 0x7a, 0x84, 0x8f, 0x79, 0x92, 0x7f, 0xe9, 0x7a, 0x58, 0x4f, 0xba, 0x7a, 0x57, 0x92, 0x2f, 
  0xfc, 0x71, 0xbe, 0xb2, 0x8e, 0x9c, 0xdc, 0x26, 0x3a, 0x96, 0x58, 0xd3, 0x1f, 0x6a, 0x6d, 0x6d, 
  0xdd, 0xe9, 0xc4, 0x36, 0x9f, 0x42, 0x3e, 0xce, 0xdf, 0xf8, 0xcd, 0x9f, 0xf5, 0xb5, 0x0e, 0x9d, 
  0xfe, 0x30, 0x7e, 0xb1, 0x60, 0xd8, 0x5e, 0x7e, 0xcf, 0x92, 0x08, 0x87, 0x07, 0xd2, 0xda, 0xdc, 
  0x40, 0xff, 0x00, 0x84, 0xc5, 0x14, 0xff, 0x00, 0xd4, 0xa1, 0xff, 0x00, 0xe3, 0x7f, 0xf5, 0xc3, 
  0xff, 0x00, 0x2b, 0xc7, 0xfd, 0xbd, 0x57, 0xfe, 0x94, 0x57, 0xb0, 0xbf, 0xc5, 0x87, 0xd6, 0x3c, 
  0x9a, 0x7d, 0x4b, 0xec, 0xa3, 0x09, 0xfb, 0x88, 0xf4, 0x6c, 0x25, 0xee, 0x81, 0xf9, 0xfb, 0xe8, 
  0xde, 0xcf, 0x72, 0x71, 0xfb, 0x98, 0x07, 0xf9, 0xba, 0x3d, 0xb5, 0xff, 0x00, 0xa2, 0x81, 0xef, 
  0x13, 0xd5, 0xd1, 0xaf, 0xfc, 0x62, 0xf4, 0x0c, 0xd7, 0x07, 0x75, 0x9e, 0x90, 0xe6, 0xdb, 0xf9, 
  0xd6, 0xd2, 0x5b, 0x60, 0x27, 0x8e, 0xfe, 0x85, 0xab, 0x77, 0xa4, 0xfd, 0x7f, 0xfa, 0xad, 0x93, 
  0x95, 0x8f, 0xd3, 0x70, 0x99, 0x75, 0x2f, 0xc8, 0x78, 0xae, 0xa6, 0x9a, 0x76, 0x33, 0x73, 0xbf, 
  0x79, 0xc0, 0xfe, 0x72, 0xe6, 0x3f, 0xf1, 0xa7, 0xeb, 0x9f, 0xf7, 0x3b, 0x17, 0xfc, 0xdb, 0x3f, 
  0xb9, 0x4a, 0xaf, 0xf1, 0x59, 0xf5, 0x86, 0x8b, 0x6b, 0xbe, 0x9c, 0xfc, 0x56, 0xdb, 0x4b, 0xdb, 
  0x65, 0x6e, 0x8b, 0x34, 0x73, 0x08, 0x7b, 0x3b, 0x7e, 0xf3, 0x54, 0x13, 0x87, 0x26, 0x41, 0xa9, 
  0xd7, 0x6d, 0x65, 0xc2, 0xc8, 0x0e, 0x5b, 0xd4, 0x3e, 0xa0, 0xb8, 0xcf, 0xae, 0xdd, 0x5f, 0x37, 
  0xa6, 0x75, 0x4c, 0x01, 0xd3, 0xb3, 0xec, 0xa3, 0x27, 0x26, 0x19, 0x76, 0x25, 0x78, 0xe3, 0x26, 
  0x69, 0x05, 0xff, 0x00, 0xad, 0xfa, 0x61, 0xbe, 0xab, 0xdc, 0xdb, 0x36, 0xd3, 0xe9, 0x36, 0xd5, 
  0xd8, 0xb3, 0x7e, 0xc6, 0xfa, 0x91, 0xbe, 0x06, 0xed, 0xbc, 0x4f, 0xe7, 0x6d, 0x95, 0xce, 0x75, 
  0x6e, 0x9f, 0xf5, 0x83, 0xa8, 0xfd, 0x60, 0x73, 0x30, 0x73, 0xae, 0xe9, 0x58, 0x54, 0xe2, 0xb0, 
  0xb6, 0xfa, 0xd8, 0xc7, 0xb2, 0xcb, 0x9d, 0x65, 0x9b, 0xd8, 0x45, 0xbf, 0xe8, 0xeb, 0xd8, 0xa9, 
  0xe1, 0x20, 0x4e, 0xe5, 0x54, 0x01, 0xf9, 0xb6, 0xff, 0x00, 0xa3, 0x36, 0x59, 0x6d, 0xa2, 0x5f, 
  0xaa, 0x9d, 0x4f, 0xeb, 0x36, 0x78, 0xbf, 0xf6, 0xde, 0x10, 0xc6, 0xa9, 0x91, 0xf6, 0x6b, 0xcb, 
  0x4d, 0x4f, 0xb6, 0x49, 0xdc, 0x5f, 0x8a, 0xfb, 0x2d, 0x7d, 0x3f, 0x9a, 0xba, 0x05, 0x95, 0xd1, 
  0x70, 0xba, 0xfe, 0x23, 0xae, 0x1d, 0x5b, 0xa8, 0xb3, 0xa8, 0xd6, 0x43, 0x45, 0x05, 0xb4, 0xb6, 
  0x97, 0x34, 0x89, 0xdf, 0xea, 0x6c, 0x3e, 0xfd, 0xde, 0xd5, 0xaa, 0x86, 0x42, 0x0c, 0x8d, 0x55, 
  0x7f, 0x52, 0xf8, 0x7f, 0xe7, 0x28, 0x6d, 0xfc, 0x5f, 0xff, 0xd4, 0xf5, 0x44, 0x92, 0x49, 0x25, 
  0x3e, 0x77, 0xd7, 0xf1, 0xd9, 0x91, 0xd4, 0xb3, 0x7a, 0x77, 0x57, 0xc6, 0xb3, 0x09, 0xf7, 0x81, 
  0x67, 0xed, 0x0c, 0x0f, 0x7b, 0x32, 0x2a, 0x69, 0xfd, 0x16, 0x4e, 0x4f, 0x4c, 0xb3, 0x73, 0xee, 
  0xb3, 0x0f, 0xfe, 0xd4, 0xdd, 0x8b, 0xbf, 0x2b, 0x1b, 0xff, 0x00, 0x0a, 0xae, 0x77, 0xa7, 0xe5, 
  0x61, 0xe2, 0x74, 0x3e, 0xa1, 0xd3, 0x32, 0x9b, 0x59, 0xc9, 0xc6, 0xc9, 0x6e, 0x55, 0x96, 0x31, 
  0xdb, 0xdb, 0x91, 0x40, 0x63, 0xf1, 0x9a, 0x69, 0x70, 0xf6, 0xd9, 0x5e, 0x33, 0xad, 0xaa, 0xfa, 
  0xff, 0x00, 0xe0, 0x6c, 0xff, 0x00, 0x8c, 0x5e, 0xa7, 0xf5, 0x8b, 0x1e, 0x8b, 0x7a, 0x6b, 0xdf, 
  0x6e, 0x0b, 0xfa, 0x8f, 0xa2, 0xe1, 0x63, 0x69, 0xa4, 0x86, 0xde, 0xd2, 0x3f, 0xc3, 0x62, 0x59, 
  0xba, 0xb7, 0xb3, 0x22, 0xbf, 0xcc, 0xf4, 0xac, 0x65, 0xab, 0xcb, 0xba, 0x9f, 0x45, 0xe9, 0x99, 
  0xf4, 0x5b, 0xd4, 0xfa, 0x6e, 0x4e, 0x4d, 0x6f, 0x79, 0x91, 0x5e, 0x75, 0x20, 0x31, 0xef, 0x1f, 
  0xce, 0x56, 0xec, 0xec, 0x7f, 0xd5, 0xe9, 0xc8, 0xff, 0x00, 0x83, 0xcd, 0xf4, 0xbd, 0x47, 0xff, 
  0x00, 0x38, 0xaf, 0xf2, 0xf9, 0x23, 0x28, 0xf0, 0xca, 0xe2, 0x2e, 0x3b, 0x6a, 0x38, 0xe3, 0xff, 
  0x00, 0x7c, 0xc3, 0x90, 0x11, 0xa8, 0xd4, 0xfe, 0xc7, 0xd0, 0xfe, 0xaf, 0xf5, 0x9b, 0xdf, 0xd4, 
  0x72, 0x7a, 0x26, 0x5b, 0x76, 0xbb, 0x16, 0xba, 0x8e, 0x2d, 0xbf, 0xe9, 0x1a, 0xda, 0x71, 0xfe, 
  0xd4, 0xc7, 0x7f, 0xc2, 0xd3, 0x7d, 0xdb, 0xff, 0x00, 0xe2, 0xaf, 0x62, 0xe8, 0x57, 0x94, 0x61, 
  0xf5, 0xb7, 0xfd, 0x62, 0xea, 0x8c, 0xc5, 0x0d, 0x38, 0xf9, 0xb9, 0xf4, 0xde, 0xdb, 0xa0, 0xed, 
  0x6b, 0x72, 0x5b, 0x8c, 0xfc, 0x76, 0xbf, 0x1e, 0xcf, 0xcd, 0xaf, 0x25, 0xb8, 0xf8, 0x6e, 0xd9, 
  0xfe, 0x06, 0xea, 0x3f, 0xc2, 0x2e, 0x9f, 0xa4, 0xfd, 0x75, 0xaf, 0x17, 0x07, 0x16, 0xbe, 0xb4, 
  0xe7, 0x38, 0xb8, 0xb6, 0xb3, 0x9c, 0x04, 0x0d, 0xaf, 0x61, 0x7d, 0x37, 0x65, 0xd6, 0xdf, 0xe6, 
  0x5e, 0xdb, 0x69, 0xca, 0xc2, 0xcc, 0xff, 0x00, 0x43, 0x95, 0x89, 0x67, 0xf8, 0x2b, 0x14, 0x39, 
  0xb9, 0x79, 0x83, 0xa0, 0xf5, 0x50, 0xe2, 0x88, 0xff, 0x00, 0xa5, 0xff, 0x00, 0x35, 0x74, 0x26, 
  0x0f, 0x5f, 0xab, 0x57, 0xeb, 0x4e, 0x3e, 0x4e, 0x37, 0xd7, 0x1f, 0xab, 0xf6, 0x1c, 0xdc, 0x8b, 
  0x6b, 0xcb, 0xcb, 0x3f, 0xab, 0x39, 0xc0, 0x55, 0x58, 0x69, 0xab, 0xd9, 0x53, 0x6a, 0x0c, 0xdd, 
  0xbf, 0xf3, 0xfd, 0x6f, 0x51, 0x03, 0xa8, 0xde, 0x4f, 0xd6, 0xbe, 0xa5, 0x4f, 0xd6, 0x7a, 0xb2, 
  0x6c, 0xc2, 0x75, 0x41, 0xbd, 0x19, 0x94, 0xb6, 0xd7, 0xd7, 0xa8, 0xff, 0x00, 0x02, 0xdc, 0x4f, 
  0xfb, 0x57, 0x6f, 0xfa, 0x57, 0xad, 0x3e, 0xb1, 0xf5, 0x6f, 0xa9, 0x75, 0xbe, 0xaf, 0x56, 0x7d, 
  0x1d, 0x66, 0x9a, 0xcf, 0x4c, 0xb3, 0x7e, 0x25, 0x2c, 0xa0, 0x3c, 0xd2, 0x5e, 0x18, 0xff, 0x00, 
  0xd3, 0x9f, 0x5b, 0xf4, 0xbe, 0xa3, 0x5a, 0xd7, 0x7b, 0xff, 0x00, 0xc1, 0xab, 0x56, 0xfd, 0x59, 
  0xea, 0xcd, 0xea, 0x17, 0xf5, 0x1c, 0x3e, 0xa6, 0xda, 0x73, 0x33, 0xb1, 0xeb, 0xc7, 0xcb, 0xb5, 
  0xf5, 0x39, 0xe1, 0xa6, 0xb1, 0xb5, 0xd7, 0xe0, 0xd3, 0xeb, 0x36, 0xba, 0xbd, 0x4f, 0xa5, 0xb2, 
  0xdf, 0x5b, 0xd2, 0x44, 0x64, 0x80, 0x8c, 0x2e, 0x43, 0x88, 0x40, 0xc7, 0x41, 0x28, 0xca, 0x32, 
  0xe3, 0xe3, 0xf9, 0xb8, 0x7f, 0x75, 0x44, 0x1b, 0x3a, 0x75, 0x79, 0x0e, 0x94, 0xee, 0xb7, 0xf5, 
  0x87, 0x07, 0xa4, 0xb2, 0xcb, 0xaf, 0x75, 0xd8, 0xff, 0x00, 0x6c, 0xc6, 0x75, 0xcd, 0xcb, 0x18, 
  0xcf, 0x71, 0x69, 0xa1, 0xf4, 0x7a, 0xef, 0xfd, 0x25, 0xb9, 0x1e, 0x9b, 0x37, 0xb1, 0xfe, 0x8d, 
  0x16, 0x3d, 0x6e, 0x74, 0x4f, 0xac, 0x38, 0x1d, 0x03, 0x1f, 0xab, 0x62, 0xf5, 0x4c, 0x7b, 0xf1, 
  0x73, 0x7a, 0x68, 0x6d, 0xd9, 0x4e, 0xb6, 0xf7, 0x65, 0xba, 0xf0, 0xf8, 0xaf, 0x1c, 0xd1, 0x91, 
  0x6e, 0xcf, 0xa7, 0x35, 0xd7, 0x5d, 0x5b, 0x2b, 0x63, 0x37, 0xff, 0x00, 0xc6, 0xad, 0x06, 0x7d, 
  0x46, 0xc3, 0xc4, 0xab, 0xa6, 0xbb, 0xa6, 0x5a, 0x29, 0xcb, 0xe9, 0x42, 0xcf, 0x46, 0xfb, 0xd8, 
  0x2f, 0x0f, 0x37, 0x7b, 0xae, 0xb2, 0xea, 0xf7, 0x53, 0xfa, 0x5d, 0xfe, 0xea, 0xec, 0x65, 0x9f, 
  0xa3, 0x56, 0xfa, 0x4f, 0xd5, 0x7a, 0x70, 0xf2, 0x72, 0xf3, 0xfa, 0x85, 0xc7, 0xa9, 0xf5, 0x0c, 
  0xfd, 0xa2, 0xfb, 0xad, 0x63, 0x5a, 0xc0, 0xc6, 0x7f, 0x37, 0x4d, 0x38, 0xfe, 0xf6, 0x32, 0xb6, 
  0x47, 0xf2, 0xd2, 0x9e, 0x5c, 0x52, 0xe2, 0xfd, 0xdb, 0xf4, 0xc4, 0x7a, 0x65, 0xf3, 0xf1, 0x7f, 
  0x73, 0x87, 0x81, 0x22, 0x32, 0x1e, 0x6f, 0x23, 0xd3, 0x3a, 0xe5, 0x56, 0x7d, 0x77, 0xc3, 0xea, 
  0x39, 0xfd, 0x4e, 0x9b, 0x5b, 0x91, 0x8a, 0xf0, 0xf6, 0xd5, 0x68, 0x76, 0x3d, 0x16, 0x3d, 0xdb, 
  0x71, 0xfa, 0x7d, 0x6f, 0x1e, 0xcb, 0x2d, 0x6b, 0x7e, 0x9d, 0x9f, 0xe1, 0x6e, 0x5e, 0x94, 0xb9, 
  0x6b, 0x7e, 0xa5, 0xbf, 0xf6, 0xe3, 0x7a, 0xdf, 0xed, 0x16, 0xd7, 0xe8, 0x92, 0x19, 0x8e, 0x31, 
  0xa9, 0x15, 0xb6, 0x8d, 0xde, 0xa1, 0xa0, 0xff, 0x00, 0x2b, 0xfe, 0xed, 0x7f, 0x3c, 0xba, 0x6a, 
  0x6e, 0xa6, 0xfa, 0x9b, 0x75, 0x0f, 0x6d, 0xb5, 0x58, 0x37, 0x32, 0xc6, 0x10, 0xe6, 0xb8, 0x1f, 
  0xce, 0x6b, 0xdb, 0xed, 0x72, 0x8f, 0x3c, 0xa1, 0x2e, 0x13, 0x0e, 0x91, 0xa2, 0x98, 0xd8, 0xbb, 
  0xee, 0xcd, 0x45, 0x96, 0x57, 0x63, 0x77, 0xd6, 0xe0, 0xf6, 0x9e, 0x1c, 0xd3, 0x23, 0xf0, 0x58, 
  0x3f, 0x5d, 0x73, 0xaa, 0xa7, 0xa3, 0xd9, 0x83, 0x65, 0xef, 0xc1, 0x3d, 0x45, 0xae, 0xa2, 0xbc, 
  0xfd, 0xae, 0xf4, 0x2a, 0x79, 0x8d, 0xad, 0xcb, 0xbd, 0x9f, 0xd1, 0xeb, 0xc8, 0xfe, 0x63, 0xd4, 
  0x5c, 0xdf, 0x46, 0xc5, 0xf4, 0xfa, 0xa5, 0x58, 0xbd, 0x34, 0x5d, 0xf5, 0x67, 0xaa, 0xbc, 0x0b, 
  0x2c, 0xc2, 0x83, 0x91, 0xd3, 0xf2, 0xaa, 0x66, 0xdf, 0x56, 0xfc, 0x67, 0x4f, 0xa7, 0xfc, 0xdf, 
  0xe7, 0xef, 0x4d, 0x8e, 0x2e, 0x28, 0x19, 0x13, 0x5b, 0xd6, 0x9d, 0x92, 0x65, 0xad, 0x3e, 0x88, 
  0x92, 0x49, 0x28, 0xd2, 0xff, 0x00, 0xff, 0xd5, 0xf5, 0x44, 0x92, 0x49, 0x25, 0x29, 0x73, 0xbf, 
  0x59, 0xba, 0x5e, 0x30, 0x61, 0xcf, 0xc7, 0xe9, 0x0e, 0xcf, 0xca, 0x76, 0x97, 0x1c, 0x5b, 0x7e, 
  0xcd, 0x71, 0x6c, 0x72, 0xe7, 0x30, 0xb3, 0xed, 0x5f, 0xf1, 0x6f, 0xde, 0xba, 0x24, 0x91, 0x8c, 
  0x8c, 0x4d, 0x8f, 0xe5, 0xfe, 0x2a, 0x08, 0xb7, 0xc8, 0x33, 0xba, 0x67, 0x42, 0x75, 0x2e, 0x34, 
  0xe3, 0x59, 0xd3, 0x33, 0x1a, 0x77, 0xb4, 0x9c, 0xa7, 0x1b, 0x58, 0xf1, 0xae, 0xdb, 0x31, 0x32, 
  0xa8, 0xc7, 0x77, 0xfe, 0xc3, 0xdb, 0xea, 0x7e, 0xe2, 0xa9, 0x85, 0x99, 0xd6, 0xf1, 0x8d, 0xdd, 
  0x43, 0x3f, 0x13, 0x2e, 0xdc, 0x6b, 0xc0, 0x07, 0x2f, 0xd1, 0x20, 0x32, 0xe6, 0xb9, 0xb7, 0xd3, 
  0x99, 0xfa, 0x46, 0x36, 0xab, 0x3f, 0x49, 0x5f, 0xeb, 0x0c, 0xb3, 0xf4, 0x79, 0x55, 0xdb, 0x6f, 
  0xab, 0xfc, 0xe2, 0xf5, 0xde, 0xad, 0x85, 0x9d, 0x9b, 0x8d, 0xe8, 0xe0, 0xe7, 0xbf, 0xa7, 0x58, 
  0x4e, 0xb7, 0x56, 0xc6, 0x58, 0x63, 0xf7, 0x76, 0xdc, 0x0f, 0xfd, 0x15, 0xca, 0xf5, 0x2f, 0xab, 
  0xb9, 0x78, 0x78, 0x4f, 0xbf, 0xaa, 0xf5, 0x63, 0x65, 0x4c, 0x1b, 0x5d, 0x79, 0x66, 0x4d, 0xf7, 
  0x3a, 0x7f, 0x35, 0xb8, 0xe3, 0x2d, 0xd4, 0x7b, 0xbf, 0x93, 0x8d, 0xb1, 0x5d, 0xc7, 0xcc, 0xc4, 
  0x8a, 0x96, 0xb6, 0x68, 0x09, 0x19, 0x4e, 0x5f, 0x43, 0x4c, 0x52, 0xc6, 0x77, 0x07, 0xf6, 0x3c, 
  0xc7, 0x4c, 0xea, 0x78, 0x77, 0xd9, 0xf6, 0xcc, 0x7b, 0x3e, 0xc1, 0x9f, 0x88, 0x05, 0x75, 0x56, 
  0xdb, 0x03, 0x5e, 0xea, 0x0f, 0xe9, 0x18, 0xcc, 0x3f, 0x55, 0xcd, 0xa3, 0x2f, 0xf6, 0x7d, 0xde, 
  0xa5, 0x35, 0x61, 0x66, 0x7f, 0x4a, 0xe9, 0x96, 0x55, 0x8b, 0xfc, 0xfd, 0x14, 0xd8, 0xb4, 0xfa, 
  0x77, 0x58, 0xea, 0xaf, 0xc7, 0xc9, 0xb7, 0x0f, 0xa8, 0xd9, 0x76, 0x1b, 0x49, 0x65, 0xcc, 0x05, 
  0xd6, 0x37, 0x1d, 0xc4, 0x7e, 0x65, 0x9b, 0x5f, 0xd4, 0xb1, 0xb0, 0xae, 0xfa, 0x78, 0x79, 0x7b, 
  0x32, 0xbe, 0xc5, 0xfd, 0x13, 0x3f, 0x16, 0xcf, 0x43, 0xd6, 0x54, 0x29, 0xe9, 0x7d, 0x0f, 0x2f, 
  0x18, 0xe3, 0x74, 0xfe, 0x97, 0x65, 0xce, 0x24, 0xc5, 0xd7, 0x0b, 0xec, 0xcc, 0x71, 0x3e, 0x34, 
  0xe2, 0x37, 0x1f, 0x0b, 0x0e, 0xbf, 0xfc, 0x33, 0x97, 0xff, 0x00, 0x5b, 0x55, 0x07, 0xd5, 0xbc, 
  0x0c, 0x46, 0xda, 0xcc, 0xdc, 0x97, 0x7d, 0xbe, 0xb7, 0xec, 0x2d, 0xa6, 0xd6, 0x32, 0x9a, 0x0f, 
  0xfd, 0xc6, 0xba, 0xfd, 0x97, 0x5f, 0x9d, 0x9d, 0xff, 0x00, 0x75, 0x3a, 0x6d, 0x36, 0xfa, 0x6a, 
  0x59, 0x0c, 0x52, 0xbd, 0xc7, 0x68, 0xc8, 0x09, 0xe8, 0x81, 0xc4, 0x3b, 0x1f, 0x22, 0xeb, 0x1c, 
  0xfe, 0xa7, 0xd4, 0x3a, 0x65, 0xa5, 0xdd, 0x46, 0xec, 0xcc, 0x7a, 0x5e, 0x77, 0x58, 0xd7, 0x56, 
  0xdb, 0x2b, 0x70, 0xff, 0x00, 0x07, 0x79, 0xc5, 0x7e, 0x3e, 0x4b, 0x3d, 0xbf, 0x43, 0x27, 0x17, 
  0xf6, 0x86, 0x16, 0x4d, 0x7f, 0xa4, 0xf4, 0x15, 0x0a, 0xfe, 0xb5, 0x5b, 0x83, 0x87, 0x5d, 0xfd, 
  0x37, 0xab, 0x5b, 0xf6, 0xa0, 0x76, 0xfd, 0x8f, 0x21, 0xb6, 0xd8, 0x49, 0x06, 0x36, 0xda, 0xd7, 
  0xbe, 0xdc, 0x37, 0x7a, 0x9f, 0x9b, 0x7d, 0x0f, 0xc7, 0xb3, 0xfe, 0x09, 0x06, 0xaf, 0xaa, 0xf8, 
  0x58, 0x81, 0xc7, 0xac, 0xfb, 0xb2, 0x5e, 0x03, 0xe9, 0xc7, 0x73, 0x8d, 0x22, 0xaa, 0x89, 0xdb, 
  0x5e, 0x46, 0x7e, 0xc1, 0x76, 0x4f, 0xad, 0x90, 0xff, 0x00, 0xe8, 0x9d, 0x33, 0x1b, 0xf5, 0xcb, 
  0xbf, 0xed, 0xcf, 0x46, 0xee, 0x0f, 0x48, 0x67, 0x4e, 0xcd, 0x18, 0x43, 0x1d, 0xf6, 0xf5, 0x3e, 
  0xa0, 0xcf, 0x56, 0xbc, 0x58, 0x0d, 0xba, 0xbc, 0x69, 0xf4, 0xea, 0xa1, 0xc5, 0xa6, 0xc6, 0xf4, 
  0xf7, 0x67, 0x59, 0xba, 0xdc, 0xfc, 0x9f, 0x57, 0xd6, 0xc1, 0xe9, 0xf4, 0xfa, 0x15, 0xfe, 0xbb, 
  0x72, 0x44, 0x62, 0x00, 0xfe, 0x97, 0x50, 0x00, 0x8c, 0x63, 0x2f, 0xde, 0x57, 0xac, 0xd7, 0x46, 
  0xd5, 0x17, 0xfd, 0x6e, 0xff, 0x00, 0x18, 0x01, 0xd5, 0x7a, 0x95, 0xf4, 0xde, 0x8d, 0x5b, 0x85, 
  0x79, 0x26, 0xb9, 0x21, 0xee, 0x00, 0x39, 0xec, 0x82, 0x7d, 0x4b, 0xdd, 0xee, 0xfe, 0x6b, 0xf4, 
  0x78, 0xec, 0xff, 0x00, 0x09, 0xea, 0xae, 0xdf, 0xa7, 0x60, 0x74, 0xcf, 0xab, 0x9d, 0x3a, 0x8e, 
  0x95, 0x87, 0x63, 0x6b, 0x2f, 0x2e, 0x18, 0xcd, 0xc8, 0xb2, 0x1d, 0x6d, 0xc4, 0x6f, 0x77, 0xf9, 
  0xee, 0xfc, 0xda, 0x59, 0xff, 0x00, 0x5b, 0x54, 0xb1, 0x7d, 0x0f, 0xab, 0x3d, 0x31, 0x9d, 0x1b, 
  0x05, 0xb5, 0xe5, 0xf5, 0x97, 0xd5, 0x66, 0x55, 0x78, 0x6d, 0x22, 0x9f, 0x5e, 0xc2, 0x77, 0x5e, 
  0xea, 0xf7, 0x7b, 0x2b, 0xad, 0xbf, 0xe0, 0xab, 0xfa, 0x7e, 0x8d, 0x4b, 0x93, 0xce, 0xca, 0xbf, 
  0xaf, 0xba, 0xfe, 0x89, 0xd6, 0x7e, 0xcd, 0x99, 0xd6, 0xf0, 0x2c, 0x39, 0x3d, 0x3d, 0xd8, 0xe6, 
  0x29, 0xb0, 0x86, 0xef, 0xcc, 0xe8, 0xbe, 0xab, 0x76, 0xb9, 0xb9, 0x0c, 0x67, 0xb3, 0xe9, 0xfa, 
  0x9b, 0xfd, 0x3b, 0x3f, 0xc0, 0xaa, 0xe6, 0xf2, 0x9a, 0x8f, 0xa3, 0x04, 0x4d, 0x88, 0xc7, 0xff, 
  0x00, 0x4a, 0x7f, 0x5b, 0xfb, 0xcb, 0xc7, 0xa4, 0x6b, 0xac, 0x8a, 0xd9, 0xd8, 0xfd, 0x4f, 0xab, 
  0xf5, 0x1c, 0xa1, 0xea, 0x5f, 0x8b, 0xd6, 0x98, 0xd8, 0xea, 0x5d, 0x04, 0xde, 0xe6, 0xd7, 0x93, 
  0x53, 0x46, 0xcf, 0x5f, 0xa5, 0x5a, 0xfd, 0xf5, 0x3a, 0xb7, 0x37, 0xfc, 0x15, 0xb5, 0xd8, 0xbb, 
  0x1f, 0xa9, 0xdd, 0x11, 0xbd, 0x27, 0xa6, 0x01, 0x5d, 0xb9, 0x66, 0x9b, 0xc3, 0x6c, 0xa7, 0x13, 
  0x37, 0x68, 0x7e, 0x38, 0x23, 0xdd, 0x4e, 0xda, 0xfe, 0x86, 0xe7, 0x7f, 0x38, 0xa9, 0x74, 0x0e, 
  0x85, 0xf6, 0xfa, 0xb1, 0x33, 0xfa, 0x85, 0x8e, 0xcd, 0xc5, 0xc7, 0xf4, 0xf2, 0x3a, 0x43, 0xb2, 
  0x5a, 0xe6, 0x66, 0xd0, 0x48, 0x3b, 0xf1, 0xf2, 0xef, 0x69, 0x67, 0xda, 0x2b, 0x67, 0xf2, 0xff, 
  0x00, 0x9d, 0x5d, 0x62, 0x8f, 0x36, 0x5b, 0x1e, 0xd8, 0xd8, 0x6e, 0xba, 0x31, 0xd6, 0xd4, 0x92, 
  0x49, 0x28, 0x17, 0x3f, 0xff, 0xd6, 0xf5, 0x44, 0x92, 0x49, 0x25, 0x29, 0x24, 0x92, 0x49, 0x4a, 
  0x49, 0x24, 0x92, 0x52, 0xcf, 0x68, 0x7b, 0x1c, 0xc7, 0x4c, 0x38, 0x10, 0x60, 0x90, 0x60, 0xf9, 
  0xb5, 0x65, 0xf4, 0xde, 0x93, 0xf5, 0x73, 0xa6, 0x65, 0x7d, 0x9b, 0xa7, 0xe3, 0xe3, 0xd1, 0x98, 
  0xc6, 0x7a, 0x85, 0x8d, 0xda, 0x6e, 0x15, 0xb8, 0xec, 0xf5, 0x09, 0x76, 0xeb, 0xfd, 0x37, 0xbb, 
  0xf3, 0x96, 0xaa, 0xe1, 0xaf, 0xeb, 0x0e, 0xa7, 0xeb, 0xdd, 0x9d, 0x4d, 0xb5, 0x07, 0x74, 0xda, 
  0x7d, 0x3e, 0x89, 0x95, 0x90, 0x24, 0x96, 0xdd, 0x61, 0xfb, 0x53, 0x2c, 0x23, 0xfd, 0x1d, 0x57, 
  0x16, 0x63, 0xd8, 0xe5, 0x26, 0x38, 0x99, 0x71, 0x00, 0x6a, 0x87, 0x17, 0x9a, 0x24, 0x6a, 0xbc, 
  0xdd, 0x39, 0xfa, 0xaf, 0xd3, 0xec, 0xeb, 0x1d, 0x7b, 0x1e, 0x87, 0x66, 0xf5, 0x0c, 0x07, 0xb9, 
  0xd9, 0xd6, 0x41, 0x7d, 0xcd, 0x78, 0x68, 0xfd, 0x1d, 0x2e, 0xc8, 0xda, 0xca, 0xd9, 0x5d, 0x3e, 
  0xdf, 0xd0, 0xfe, 0x8f, 0xd2, 0x58, 0x9d, 0x57, 0xeb, 0x5b, 0xb1, 0x3a, 0xfb, 0xef, 0xa7, 0x27, 
  0x13, 0xa5, 0xe3, 0x5d, 0x56, 0x2e, 0x43, 0x1f, 0x7d, 0x0f, 0xb1, 0xd9, 0xb5, 0x5a, 0xdf, 0xd2, 
  0x17, 0x65, 0x50, 0x1e, 0xfa, 0xbe, 0xc8, 0xcf, 0xd1, 0xd5, 0x5b, 0x3f, 0x3d, 0x5b, 0xe9, 0xf9, 
  0x0f, 0x3f, 0x5a, 0x3a, 0xcd, 0x2c, 0xe9, 0xd9, 0x96, 0xf4, 0xde, 0xae, 0xea, 0xea, 0x7d, 0xc6, 
  0x92, 0xca, 0xd9, 0x63, 0x1a, 0xfc, 0x6c, 0xa7, 0xd8, 0xeb, 0xb6, 0x7e, 0x85, 0xcd, 0xfc, 0xfa, 
  0xf7, 0xab, 0x5d, 0x37, 0xea, 0xbf, 0x54, 0xb3, 0xea, 0xe6, 0x17, 0x4c, 0xcd, 0xcb, 0xb3, 0x07, 
  0x27, 0xa7, 0xba, 0xca, 0xd9, 0x6d, 0x1e, 0x9d, 0x9e, 0xa5, 0x24, 0xbd, 0x95, 0x8b, 0x05, 0xac, 
  0xb1, 0xbf, 0xcc, 0x3b, 0xfb, 0x0a, 0x61, 0xc1, 0x13, 0xeb, 0x3c, 0x56, 0x22, 0x35, 0x3f, 0xa3, 
  0x28, 0xff, 0x00, 0x85, 0xf2, 0x4b, 0xd2, 0xb7, 0x53, 0xb6, 0x8f, 0x31, 0xd7, 0xf0, 0xf2, 0x3a, 
  0x76, 0x56, 0x2d, 0x78, 0x19, 0x97, 0xdf, 0x84, 0xe0, 0xee, 0xa3, 0xd0, 0xb2, 0x1b, 0x51, 0xc9, 
  0xb3, 0xed, 0x4f, 0x3f, 0xf2, 0x75, 0x79, 0x2d, 0x71, 0xb3, 0xec, 0xb7, 0xb5, 0xde, 0xad, 0xbe, 
  0xa2, 0xec, 0x28, 0xfa, 0xb5, 0x57, 0x54, 0xc9, 0xc1, 0xea, 0xfd, 0x52, 0xa7, 0x63, 0x59, 0x4b, 
  0x45, 0xff, 0x00, 0xb2, 0x9b, 0xb4, 0x55, 0x5e, 0x59, 0x3b, 0xed, 0xcb, 0x7b, 0xe8, 0xf7, 0x5d, 
  0x77, 0xd1, 0xfa, 0x6e, 0x5b, 0x5d, 0x37, 0xa7, 0xe3, 0xf4, 0xcc, 0x0a, 0x3a, 0x7e, 0x28, 0x22, 
  0x8c, 0x66, 0x0a, 0xeb, 0xdc, 0x64, 0xc0, 0xfd, 0xe7, 0x7e, 0xf2, 0xb2, 0xa3, 0x9e, 0x72, 0x40, 
  0x03, 0x4a, 0xb1, 0xc5, 0xfa, 0x52, 0x12, 0x48, 0x8d, 0x29, 0x24, 0x92, 0x50, 0xae, 0x52, 0x49, 
  0x24, 0x92, 0x9f, 0xff, 0xd9, 0xff, 0xed, 0x22, 0x7e, 0x50, 0x68, 0x6f, 0x74, 0x6f, 0x73, 0x68, 
  0x6f, 0x70, 0x20, 0x33, 0x2e, 0x30, 0x00, 0x38, 0x42, 0x49, 0x4d, 0x04, 0x04, 0x00, 0x00, 0x00, 
  0x00, 0x00, 0x0f, 0x1c, 0x01, 0x5a, 0x00, 0x03, 0x1b, 0x25, 0x47, 0x1c, 0x02, 0x00, 0x00, 0x02, 
  0x00, 0x00, 0x00, 0x38, 0x42, 0x49, 0x4d, 0x04, 0x25, 0x00, 0x00, 0x00, 0x00, 0x00, 0x10, 0xcd, 
  0xcf, 0xfa, 0x7d, 0xa8, 0xc7, 0xbe, 0x09, 0x05, 0x70, 0x76, 0xae, 0xaf, 0x05, 0xc3, 0x4e, 0x38, 
  0x42, 0x49, 0x4d, 0x04, 0x3a, 0x00, 0x00, 0x00, 0x00, 0x00, 0xd7, 0x00, 0x00, 0x00, 0x10, 0x00, 
  0x00, 0x00, 0x01, 0x00, 0x00, 0x00, 0x00, 0x00, 0x0b, 0x70, 0x72, 0x69, 0x6e, 0x74, 0x4f, 0x75, 
  0x74, 0x70, 0x75, 0x74, 0x00, 0x00, 0x00, 0x05, 0x00, 0x00, 0x00, 0x00, 0x50, 0x73, 0x74, 0x53, 
  0x62, 0x6f, 0x6f, 0x6c, 0x01, 0x00, 0x00, 0x00, 0x00, 0x49, 0x6e, 0x74, 0x65, 0x65, 0x6e, 0x75, 
  0x6d, 0x00, 0x00, 0x00, 0x00, 0x49, 0x6e, 0x74, 0x65, 0x00, 0x00, 0x00, 0x00, 0x49, 0x6d, 0x67, 
  0x20, 0x00, 0x00, 0x00, 0x0f, 0x70, 0x72, 0x69, 0x6e, 0x74, 0x53, 0x69, 0x78, 0x74, 0x65, 0x65, 
  0x6e, 0x42, 0x69, 0x74, 0x62, 0x6f, 0x6f, 0x6c, 0x00, 0x00, 0x00, 0x00, 0x0b, 0x70, 0x72, 0x69, 
  0x6e, 0x74, 0x65, 0x72, 0x4e, 0x61, 0x6d, 0x65, 0x54, 0x45, 0x58, 0x54, 0x00, 0x00, 0x00, 0x01, 
  0x00, 0x00, 0x00, 0x00, 0x00, 0x0f, 0x70, 0x72, 0x69, 0x6e, 0x74, 0x50, 0x72, 0x6f, 0x6f, 0x66, 
  0x53, 0x65, 0x74, 0x75, 0x70, 0x4f, 0x62, 0x6a, 0x63, 0x00, 0x00, 0x00, 0x05, 0x68, 0x21, 0x68, 
  0x37, 0x8b, 0xbe, 0x7f, 0x6e, 0x00, 0x00, 0x00, 0x00, 0x00, 0x0a, 0x70, 0x72, 0x6f, 0x6f, 0x66, 
  0x53, 0x65, 0x74, 0x75, 0x70, 0x00, 0x00, 0x00, 0x01, 0x00, 0x00, 0x00, 0x00, 0x42, 0x6c, 0x74, 
  0x6e, 0x65, 0x6e, 0x75, 0x6d, 0x00, 0x00, 0x00, 0x0c, 0x62, 0x75, 0x69, 0x6c, 0x74, 0x69, 0x6e, 
  0x50, 0x72, 0x6f, 0x6f, 0x66, 0x00, 0x00, 0x00, 0x09, 0x70, 0x72, 0x6f, 0x6f, 0x66, 0x43, 0x4d, 
  0x59, 0x4b, 0x00, 0x38, 0x42, 0x49, 0x4d, 0x04, 0x3b, 0x00, 0x00, 0x00, 0x00, 0x02, 0x2d, 0x00, 
  0x00, 0x00, 0x10, 0x00, 0x00, 0x00, 0x01, 0x00, 0x00, 0x00, 0x00, 0x00, 0x12, 0x70, 0x72, 0x69, 
  0x6e, 0x74, 0x4f, 0x75, 0x74, 0x70, 0x75, 0x74, 0x4f, 0x70, 0x74, 0x69, 0x6f, 0x6e, 0x73, 0x00, 
  0x00, 0x00, 0x17, 0x00, 0x00, 0x00, 0x00, 0x43, 0x70, 0x74, 0x6e, 0x62, 0x6f, 0x6f, 0x6c, 0x00, 
  0x00, 0x00, 0x00, 0x00, 0x43, 0x6c, 0x62, 0x72, 0x62, 0x6f, 0x6f, 0x6c, 0x00, 0x00, 0x00, 0x00, 
  0x00, 0x52, 0x67, 0x73, 0x4d, 0x62, 0x6f, 0x6f, 0x6c, 0x00, 0x00, 0x00, 0x00, 0x00, 0x43, 0x72, 
  0x6e, 0x43, 0x62, 0x6f, 0x6f, 0x6c, 0x00, 0x00, 0x00, 0x00, 0x00, 0x43, 0x6e, 0x74, 0x43, 0x62, 
  0x6f, 0x6f, 0x6c, 0x00, 0x00, 0x00, 0x00, 0x00, 0x4c, 0x62, 0x6c, 0x73, 0x62, 0x6f, 0x6f, 0x6c, 
  0x00, 0x00, 0x00, 0x00, 0x00, 0x4e, 0x67, 0x74, 0x76, 0x62, 0x6f, 0x6f, 0x6c, 0x00, 0x00, 0x00, 
  0x00, 0x00, 0x45, 0x6d, 0x6c, 0x44, 0x62, 0x6f, 0x6f, 0x6c, 0x00, 0x00, 0x00, 0x00, 0x00, 0x49, 
  0x6e, 0x74, 0x72, 0x62, 0x6f, 0x6f, 0x6c, 0x00, 0x00, 0x00, 0x00, 0x00, 0x42, 0x63, 0x6b, 0x67, 
  0x4f, 0x62, 0x6a, 0x63, 0x00, 0x00, 0x00, 0x01, 0x00, 0x00, 0x00, 0x00, 0x00, 0x00, 0x52, 0x47, 
  0x42, 0x43, 0x00, 0x00, 0x00, 0x03, 0x00, 0x00, 0x00, 0x00, 0x52, 0x64, 0x20, 0x20, 0x64, 0x6f, 
  0x75, 0x62, 0x40, 0x6f, 0xe0, 0x00, 0x00, 0x00, 0x00, 0x00, 0x00, 0x00, 0x00, 0x00, 0x47, 0x72, 
  0x6e, 0x20, 0x64, 0x6f, 0x75, 0x62, 0x40, 0x6f, 0xe0, 0x00, 0x00, 0x00, 0x00, 0x00, 0x00, 0x00, 
  0x00, 0x00, 0x42, 0x6c, 0x20, 0x20, 0x64, 0x6f, 0x75, 0x62, 0x40, 0x6f, 0xe0, 0x00, 0x00, 0x00, 
  0x00, 0x00, 0x00, 0x00, 0x00, 0x00, 0x42, 0x72, 0x64, 0x54, 0x55, 0x6e, 0x74, 0x46, 0x23, 0x52, 
  0x6c, 0x74, 0x00, 0x00, 0x00, 0x00, 0x00, 0x00, 0x00, 0x00, 0x00, 0x00, 0x00, 0x00, 0x42, 0x6c, 
  0x64, 0x20, 0x55, 0x6e, 0x74, 0x46, 0x23, 0x52, 0x6c, 0x74, 0x00, 0x00, 0x00, 0x00, 0x00, 0x00, 
  0x00, 0x00, 0x00, 0x00, 0x00, 0x00, 0x52, 0x73, 0x6c, 0x74, 0x55, 0x6e, 0x74, 0x46, 0x23, 0x50, 
  0x78, 0x6c, 0x40, 0x52, 0x00, 0x00, 0x00, 0x00, 0x00, 0x00, 0x00, 0x00, 0x00, 0x0a, 0x76, 0x65, 
  0x63, 0x74, 0x6f, 0x72, 0x44, 0x61, 0x74, 0x61, 0x62, 0x6f, 0x6f, 0x6c, 0x01, 0x00, 0x00, 0x00, 
  0x00, 0x50, 0x67, 0x50, 0x73, 0x65, 0x6e, 0x75, 0x6d, 0x00, 0x00, 0x00, 0x00, 0x50, 0x67, 0x50, 
  0x73, 0x00, 0x00, 0x00, 0x00, 0x50, 0x67, 0x50, 0x43, 0x00, 0x00, 0x00, 0x00, 0x4c, 0x65, 0x66, 
  0x74, 0x55, 0x6e, 0x74, 0x46, 0x23, 0x52, 0x6c, 0x74, 0x00, 0x00, 0x00, 0x00, 0x00, 0x00, 0x00, 
  0x00, 0x00, 0x00, 0x00, 0x00, 0x54, 0x6f, 0x70, 0x20, 0x55, 0x6e, 0x74, 0x46, 0x23, 0x52, 0x6c, 
  0x74, 0x00, 0x00, 0x00, 0x00, 0x00, 0x00, 0x00, 0x00, 0x00, 0x00, 0x00, 0x00, 0x53, 0x63, 0x6c, 
  0x20, 0x55, 0x6e, 0x74, 0x46, 0x23, 0x50, 0x72, 0x63, 0x40, 0x59, 0x00, 0x00, 0x00, 0x00, 0x00, 
  0x00, 0x00, 0x00, 0x00, 0x10, 0x63, 0x72, 0x6f, 0x70, 0x57, 0x68, 0x65, 0x6e, 0x50, 0x72, 0x69, 
  0x6e, 0x74, 0x69, 0x6e, 0x67, 0x62, 0x6f, 0x6f, 0x6c, 0x00, 0x00, 0x00, 0x00, 0x0e, 0x63, 0x72, 
  0x6f, 0x70, 0x52, 0x65, 0x63, 0x74, 0x42, 0x6f, 0x74, 0x74, 0x6f, 0x6d, 0x6c, 0x6f, 0x6e, 0x67, 
  0x00, 0x00, 0x00, 0x00, 0x00, 0x00, 0x00, 0x0c, 0x63, 0x72, 0x6f, 0x70, 0x52, 0x65, 0x63, 0x74, 
  0x4c, 0x65, 0x66, 0x74, 0x6c, 0x6f, 0x6e, 0x67, 0x00, 0x00, 0x00, 0x00, 0x00, 0x00, 0x00, 0x0d, 
  0x63, 0x72, 0x6f, 0x70, 0x52, 0x65, 0x63, 0x74, 0x52, 0x69, 0x67, 0x68, 0x74, 0x6c, 0x6f, 0x6e, 
  0x67, 0x00, 0x00, 0x00, 0x00, 0x00, 0x00, 0x00, 0x0b, 0x63, 0x72, 0x6f, 0x70, 0x52, 0x65, 0x63, 
  0x74, 0x54, 0x6f, 0x70, 0x6c, 0x6f, 0x6e, 0x67, 0x00, 0x00, 0x00, 0x00, 0x00, 0x38, 0x42, 0x49, 
  0x4d, 0x03, 0xed, 0x00, 0x00, 0x00, 0x00, 0x00, 0x10, 0x00, 0x48, 0x00, 0x00, 0x00, 0x01, 0x00, 
  0x02, 0x00, 0x48, 0x00, 0x00, 0x00, 0x01, 0x00, 0x02, 0x38, 0x42, 0x49, 0x4d, 0x04, 0x26, 0x00, 
  0x00, 0x00, 0x00, 0x00, 0x0e, 0x00, 0x00, 0x00, 0x00, 0x00, 0x00, 0x00, 0x00, 0x00, 0x00, 0x3f, 
  0x80, 0x00, 0x00, 0x38, 0x42, 0x49, 0x4d, 0x04, 0x0d, 0x00, 0x00, 0x00, 0x00, 0x00, 0x04, 0x00, 
  0x00, 0x00, 0x1e, 0x38, 0x42, 0x49, 0x4d, 0x04, 0x19, 0x00, 0x00, 0x00, 0x00, 0x00, 0x04, 0x00, 
  0x00, 0x00, 0x1e, 0x38, 0x42, 0x49, 0x4d, 0x03, 0xf3, 0x00, 0x00, 0x00, 0x00, 0x00, 0x09, 0x00, 
  0x00, 0x00, 0x00, 0x00, 0x00, 0x00, 0x00, 0x01, 0x00, 0x38, 0x42, 0x49, 0x4d, 0x27, 0x10, 0x00, 
  0x00, 0x00, 0x00, 0x00, 0x0a, 0x00, 0x01, 0x00, 0x00, 0x00, 0x00, 0x00, 0x00, 0x00, 0x02, 0x38, 
  0x42, 0x49, 0x4d, 0x03, 0xf5, 0x00, 0x00, 0x00, 0x00, 0x00, 0x48, 0x00, 0x2f, 0x66, 0x66, 0x00, 
  0x01, 0x00, 0x6c, 0x66, 0x66, 0x00, 0x06, 0x00, 0x00, 0x00, 0x00, 0x00, 0x01, 0x00, 0x2f, 0x66, 
  0x66, 0x00, 0x01, 0x00, 0xa1, 0x99, 0x9a, 0x00, 0x06, 0x00, 0x00, 0x00, 0x00, 0x00, 0x01, 0x00, 
  0x32, 0x00, 0x00, 0x00, 0x01, 0x00, 0x5a, 0x00, 0x00, 0x00, 0x06, 0x00, 0x00, 0x00, 0x00, 0x00, 
  0x01, 0x00, 0x35, 0x00, 0x00, 0x00, 0x01, 0x00, 0x2d, 0x00, 0x00, 0x00, 0x06, 0x00, 0x00, 0x00, 
  0x00, 0x00, 0x01, 0x38, 0x42, 0x49, 0x4d, 0x03, 0xf8, 0x00, 0x00, 0x00, 0x00, 0x00, 0x70, 0x00, 
  0x00, 0xff, 0xff, 0xff, 0xff, 0xff, 0xff, 0xff, 0xff, 0xff, 0xff, 0xff, 0xff, 0xff, 0xff, 0xff, 
  0xff, 0xff, 0xff, 0xff, 0xff, 0xff, 0xff, 0x03, 0xe8, 0x00, 0x00, 0x00, 0x00, 0xff, 0xff, 0xff, 
  0xff, 0xff, 0xff, 0xff, 0xff, 0xff, 0xff, 0xff, 0xff, 0xff, 0xff, 0xff, 0xff, 0xff, 0xff, 0xff, 
  0xff, 0xff, 0xff, 0x03, 0xe8, 0x00, 0x00, 0x00, 0x00, 0xff, 0xff, 0xff, 0xff, 0xff, 0xff, 0xff, 
  0xff, 0xff, 0xff, 0xff, 0xff, 0xff, 0xff, 0xff, 0xff, 0xff, 0xff, 0xff, 0xff, 0xff, 0xff, 0x03, 
  0xe8, 0x00, 0x00, 0x00, 0x00, 0xff, 0xff, 0xff, 0xff, 0xff, 0xff, 0xff, 0xff, 0xff, 0xff, 0xff, 
  0xff, 0xff, 0xff, 0xff, 0xff, 0xff, 0xff, 0xff, 0xff, 0xff, 0xff, 0x03, 0xe8, 0x00, 0x00, 0x38, 
  0x42, 0x49, 0x4d, 0x04, 0x08, 0x00, 0x00, 0x00, 0x00, 0x00, 0x10, 0x00, 0x00, 0x00, 0x01, 0x00, 
  0x00, 0x02, 0x40, 0x00, 0x00, 0x02, 0x40, 0x00, 0x00, 0x00, 0x00, 0x38, 0x42, 0x49, 0x4d, 0x04, 
  0x44, 0x00, 0x00, 0x00, 0x00, 0x00, 0x10, 0x00, 0x00, 0x00, 0x02, 0x00, 0x00, 0x02, 0x40, 0x00, 
  0x00, 0x02, 0x40, 0x00, 0x00, 0x00, 0x00, 0x38, 0x42, 0x49, 0x4d, 0x04, 0x1e, 0x00, 0x00, 0x00, 
  0x00, 0x00, 0x04, 0x00, 0x00, 0x00, 0x00, 0x38, 0x42, 0x49, 0x4d, 0x04, 0x1a, 0x00, 0x00, 0x00, 
  0x00, 0x03, 0x37, 0x00, 0x00, 0x00, 0x06, 0x00, 0x00, 0x00, 0x00, 0x00, 0x00, 0x00, 0x00, 0x00, 
  0x00, 0x00, 0x80, 0x00, 0x00, 0x00, 0x80, 0x00, 0x00, 0x00, 0x01, 0x00, 0x4f, 0x00, 0x00, 0x00, 
  0x01, 0x00, 0x00, 0x00, 0x00, 0x00, 0x00, 0x00, 0x00, 0x00, 0x00, 0x00, 0x00, 0x00, 0x00, 0x00, 
  0x00, 0x00, 0x00, 0x00, 0x01, 0x00, 0x00, 0x00, 0x00, 0x00, 0x00, 0x00, 0x00, 0x00, 0x00, 0x00, 
  0x80, 0x00, 0x00, 0x00, 0x80, 0x00, 0x00, 0x00, 0x00, 0x00, 0x00, 0x00, 0x00, 0x00, 0x00, 0x00, 
  0x00, 0x00, 0x00, 0x00, 0x00, 0x01, 0x00, 0x00, 0x00, 0x00, 0x00, 0x00, 0x00, 0x00, 0x00, 0x00, 
  0x00, 0x00, 0x00, 0x00, 0x00, 0x00, 0x00, 0x00, 0x00, 0x10, 0x00, 0x00, 0x00, 0x01, 0x00, 0x00, 
  0x00, 0x00, 0x00, 0x00, 0x6e, 0x75, 0x6c, 0x6c, 0x00, 0x00, 0x00, 0x02, 0x00, 0x00, 0x00, 0x06, 
  0x62, 0x6f, 0x75, 0x6e, 0x64, 0x73, 0x4f, 0x62, 0x6a, 0x63, 0x00, 0x00, 0x00, 0x01, 0x00, 0x00, 
  0x00, 0x00, 0x00, 0x00, 0x52, 0x63, 0x74, 0x31, 0x00, 0x00, 0x00, 0x04, 0x00, 0x00, 0x00, 0x00, 
  0x54, 0x6f, 0x70, 0x20, 0x6c, 0x6f, 0x6e, 0x67, 0x00, 0x00, 0x00, 0x00, 0x00, 0x00, 0x00, 0x00, 
  0x4c, 0x65, 0x66, 0x74, 0x6c, 0x6f, 0x6e, 0x67, 0x00, 0x00, 0x00, 0x00, 0x00, 0x00, 0x00, 0x00, 
  0x42, 0x74, 0x6f, 0x6d, 0x6c, 0x6f, 0x6e, 0x67, 0x00, 0x00, 0x00, 0x80, 0x00, 0x00, 0x00, 0x00, 
  0x52, 0x67, 0x68, 0x74, 0x6c, 0x6f, 0x6e, 0x67, 0x00, 0x00, 0x00, 0x80, 0x00, 0x00, 0x00, 0x06, 
  0x73, 0x6c, 0x69, 0x63, 0x65, 0x73, 0x56, 0x6c, 0x4c, 0x73, 0x00, 0x00, 0x00, 0x01, 0x4f, 0x62, 
  0x6a, 0x63, 0x00, 0x00, 0x00, 0x01, 0x00, 0x00, 0x00, 0x00, 0x00, 0x05, 0x73, 0x6c, 0x69, 0x63, 
  0x65, 0x00, 0x00, 0x00, 0x12, 0x00, 0x00, 0x00, 0x07, 0x73, 0x6c, 0x69, 0x63, 0x65, 0x49, 0x44, 
  0x6c, 0x6f, 0x6e, 0x67, 0x00, 0x00, 0x00, 0x00, 0x00, 0x00, 0x00, 0x07, 0x67, 0x72, 0x6f, 0x75, 
  0x70, 0x49, 0x44, 0x6c, 0x6f, 0x6e, 0x67, 0x00, 0x00, 0x00, 0x00, 0x00, 0x00, 0x00, 0x06, 0x6f, 
  0x72, 0x69, 0x67, 0x69, 0x6e, 0x65, 0x6e, 0x75, 0x6d, 0x00, 0x00, 0x00, 0x0c, 0x45, 0x53, 0x6c, 
  0x69, 0x63, 0x65, 0x4f, 0x72, 0x69, 0x67, 0x69, 0x6e, 0x00, 0x00, 0x00, 0x0d, 0x61, 0x75, 0x74, 
  0x6f, 0x47, 0x65, 0x6e, 0x65, 0x72, 0x61, 0x74, 0x65, 0x64, 0x00, 0x00, 0x00, 0x00, 0x54, 0x79, 
  0x70, 0x65, 0x65, 0x6e, 0x75, 0x6d, 0x00, 0x00, 0x00, 0x0a, 0x45, 0x53, 0x6c, 0x69, 0x63, 0x65, 
  0x54, 0x79, 0x70, 0x65, 0x00, 0x00, 0x00, 0x00, 0x49, 0x6d, 0x67, 0x20, 0x00, 0x00, 0x00, 0x06, 
  0x62, 0x6f, 0x75, 0x6e, 0x64, 0x73, 0x4f, 0x62, 0x6a, 0x63, 0x00, 0x00, 0x00, 0x01, 0x00, 0x00, 
  0x00, 0x00, 0x00, 0x00, 0x52, 0x63, 0x74, 0x31, 0x00, 0x00, 0x00, 0x04, 0x00, 0x00, 0x00, 0x00, 
  0x54, 0x6f, 0x70, 0x20, 0x6c, 0x6f, 0x6e, 0x67, 0x00, 0x00, 0x00, 0x00, 0x00, 0x00, 0x00, 0x00, 
  0x4c, 0x65, 0x66, 0x74, 0x6c, 0x6f, 0x6e, 0x67, 0x00, 0x00, 0x00, 0x00, 0x00, 0x00, 0x00, 0x00, 
  0x42, 0x74, 0x6f, 0x6d, 0x6c, 0x6f, 0x6e, 0x67, 0x00, 0x00, 0x00, 0x80, 0x00, 0x00, 0x00, 0x00, 
  0x52, 0x67, 0x68, 0x74, 0x6c, 0x6f, 0x6e, 0x67, 0x00, 0x00, 0x00, 0x80, 0x00, 0x00, 0x00, 0x03, 
  0x75, 0x72, 0x6c, 0x54, 0x45, 0x58, 0x54, 0x00, 0x00, 0x00, 0x01, 0x00, 0x00, 0x00, 0x00, 0x00, 
  0x00, 0x6e, 0x75, 0x6c, 0x6c, 0x54, 0x45, 0x58, 0x54, 0x00, 0x00, 0x00, 0x01, 0x00, 0x00, 0x00, 
  0x00, 0x00, 0x00, 0x4d, 0x73, 0x67, 0x65, 0x54, 0x45, 0x58, 0x54, 0x00, 0x00, 0x00, 0x01, 0x00, 
  0x00, 0x00, 0x00, 0x00, 0x06, 0x61, 0x6c, 0x74, 0x54, 0x61, 0x67, 0x54, 0x45, 0x58, 0x54, 0x00, 
  0x00, 0x00, 0x01, 0x00, 0x00, 0x00, 0x00, 0x00, 0x0e, 0x63, 0x65, 0x6c, 0x6c, 0x54, 0x65, 0x78, 
  0x74, 0x49, 0x73, 0x48, 0x54, 0x4d, 0x4c, 0x62, 0x6f, 0x6f, 0x6c, 0x01, 0x00, 0x00, 0x00, 0x08, 
  0x63, 0x65, 0x6c, 0x6c, 0x54, 0x65, 0x78, 0x74, 0x54, 0x45, 0x58, 0x54, 0x00, 0x00, 0x00, 0x01, 
  0x00, 0x00, 0x00, 0x00, 0x00, 0x09, 0x68, 0x6f, 0x72, 0x7a, 0x41, 0x6c, 0x69, 0x67, 0x6e, 0x65, 
  0x6e, 0x75, 0x6d, 0x00, 0x00, 0x00, 0x0f, 0x45, 0x53, 0x6c, 0x69, 0x63, 0x65, 0x48, 0x6f, 0x72, 
  0x7a, 0x41, 0x6c, 0x69, 0x67, 0x6e, 0x00, 0x00, 0x00, 0x07, 0x64, 0x65, 0x66, 0x61, 0x75, 0x6c, 
  0x74, 0x00, 0x00, 0x00, 0x09, 0x76, 0x65, 0x72, 0x74, 0x41, 0x6c, 0x69, 0x67, 0x6e, 0x65, 0x6e, 
  0x75, 0x6d, 0x00, 0x00, 0x00, 0x0f, 0x45, 0x53, 0x6c, 0x69, 0x63, 0x65, 0x56, 0x65, 0x72, 0x74, 
  0x41, 0x6c, 0x69, 0x67, 0x6e, 0x00, 0x00, 0x00, 0x07, 0x64, 0x65, 0x66, 0x61, 0x75, 0x6c, 0x74, 
  0x00, 0x00, 0x00, 0x0b, 0x62, 0x67, 0x43, 0x6f, 0x6c, 0x6f, 0x72, 0x54, 0x79, 0x70, 0x65, 0x65, 
  0x6e, 0x75, 0x6d, 0x00, 0x00, 0x00, 0x11, 0x45, 0x53, 0x6c, 0x69, 0x63, 0x65, 0x42, 0x47, 0x43, 
  0x6f, 0x6c, 0x6f, 0x72, 0x54, 0x79, 0x70, 0x65, 0x00, 0x00, 0x00, 0x00, 0x4e, 0x6f, 0x6e, 0x65, 
  0x00, 0x00, 0x00, 0x09, 0x74, 0x6f, 0x70, 0x4f, 0x75, 0x74, 0x73, 0x65, 0x74, 0x6c, 0x6f, 0x6e, 
  0x67, 0x00, 0x00, 0x00, 0x00, 0x00, 0x00, 0x00, 0x0a, 0x6c, 0x65, 0x66, 0x74, 0x4f, 0x75, 0x74, 
  0x73, 0x65, 0x74, 0x6c, 0x6f, 0x6e, 0x67, 0x00, 0x00, 0x00, 0x00, 0x00, 0x00, 0x00, 0x0c, 0x62, 
  0x6f, 0x74, 0x74, 0x6f, 0x6d, 0x4f, 0x75, 0x74, 0x73, 0x65, 0x74, 0x6c, 0x6f, 0x6e, 0x67, 0x00, 
  0x00, 0x00, 0x00, 0x00, 0x00, 0x00, 0x0b, 0x72, 0x69, 0x67, 0x68, 0x74, 0x4f, 0x75, 0x74, 0x73, 
  0x65, 0x74, 0x6c, 0x6f, 0x6e, 0x67, 0x00, 0x00, 0x00, 0x00, 0x00, 0x38, 0x42, 0x49, 0x4d, 0x04, 
  0x28, 0x00, 0x00, 0x00, 0x00, 0x00, 0x0c, 0x00, 0x00, 0x00, 0x02, 0x3f, 0xf0, 0x00, 0x00, 0x00, 
  0x00, 0x00, 0x00, 0x38, 0x42, 0x49, 0x4d, 0x04, 0x11, 0x00, 0x00, 0x00, 0x00, 0x00, 0x01, 0x01, 
  0x00, 0x38, 0x42, 0x49, 0x4d, 0x04, 0x14, 0x00, 0x00, 0x00, 0x00, 0x00, 0x04, 0x00, 0x00, 0x00, 
  0x01, 0x38, 0x42, 0x49, 0x4d, 0x04, 0x0c, 0x00, 0x00, 0x00, 0x00, 0x19, 0x7f, 0x00, 0x00, 0x00, 
  0x01, 0x00, 0x00, 0x00, 0x80, 0x00, 0x00, 0x00, 0x80, 0x00, 0x00, 0x01, 0x80, 0x00, 0x00, 0xc0, 
  0x00, 0x00, 0x00, 0x19, 0x63, 0x00, 0x18, 0x00, 0x01, 0xff, 0xd8, 0xff, 0xed, 0x00, 0x0c, 0x41, 
  0x64, 0x6f, 0x62, 0x65, 0x5f, 0x43, 0x4d, 0x00, 0x02, 0xff, 0xee, 0x00, 0x0e, 0x41, 0x64, 0x6f, 
  0x62, 0x65, 0x00, 0x64, 0x80, 0x00, 0x00, 0x00, 0x01, 0xff, 0xdb, 0x00, 0x84, 0x00, 0x0c, 0x08, 
  0x08, 0x08, 0x09, 0x08, 0x0c, 0x09, 0x09, 0x0c, 0x11, 0x0b, 0x0a, 0x0b, 0x11, 0x15, 0x0f, 0x0c, 
  0x0c, 0x0f, 0x15, 0x18, 0x13, 0x13, 0x15, 0x13, 0x13, 0x18, 0x11, 0x0c, 0x0c, 0x0c, 0x0c, 0x0c, 
  0x0c, 0x11, 0x0c, 0x0c, 0x0c, 0x0c, 0x0c, 0x0c, 0x0c, 0x0c, 0x0c, 0x0c, 0x0c, 0x0c, 0x0c, 0x0c, 
  0x0c, 0x0c, 0x0c, 0x0c, 0x0c, 0x0c, 0x0c, 0x0c, 0x0c, 0x0c, 0x0c, 0x0c, 0x0c, 0x0c, 0x01, 0x0d, 
  0x0b, 0x0b, 0x0d, 0x0e, 0x0d, 0x10, 0x0e, 0x0e, 0x10, 0x14, 0x0e, 0x0e, 0x0e, 0x14, 0x14, 0x0e, 
  0x0e, 0x0e, 0x0e, 0x14, 0x11, 0x0c, 0x0c, 0x0c, 0x0c, 0x0c, 0x11, 0x11, 0x0c, 0x0c, 0x0c, 0x0c, 
  0x0c, 0x0c, 0x11, 0x0c, 0x0c, 0x0c, 0x0c, 0x0c, 0x0c, 0x0c, 0x0c, 0x0c, 0x0c, 0x0c, 0x0c, 0x0c, 
  0x0c, 0x0c, 0x0c, 0x0c, 0x0c, 0x0c, 0x0c, 0x0c, 0x0c, 0x0c, 0x0c, 0x0c, 0x0c, 0x0c, 0x0c, 0xff, 
  0xc0, 0x00, 0x11, 0x08, 0x00, 0x80, 0x00, 0x80, 0x03, 0x01, 0x22, 0x00, 0x02, 0x11, 0x01, 0x03, 
  0x11, 0x01, 0xff, 0xdd, 0x00, 0x04, 0x00, 0x08, 0xff, 0xc4, 0x01, 0x3f, 0x00, 0x00, 0x01, 0x05, 
  0x01, 0x01, 0x01, 0x01, 0x01, 0x01, 0x00, 0x00, 0x00, 0x00, 0x00, 0x00, 0x00, 0x03, 0x00, 0x01, 
  0x02, 0x04, 0x05, 0x06, 0x07, 0x08, 0x09, 0x0a, 0x0b, 0x01, 0x00, 0x01, 0x05, 0x01, 0x01, 0x01, 
  0x01, 0x01, 0x01, 0x00, 0x00, 0x00, 0x00, 0x00, 0x00, 0x00, 0x01, 0x00, 0x02, 0x03, 0x04, 0x05, 
  0x06, 0x07, 0x08, 0x09, 0x0a, 0x0b, 0x10, 0x00, 0x01, 0x04, 0x01, 0x03, 0x02, 0x04, 0x02, 0x05, 
  0x07, 0x06, 0x08, 0x05, 0x03, 0x0c, 0x33, 0x01, 0x00, 0x02, 0x11, 0x03, 0x04, 0x21, 0x12, 0x31, 
  0x05, 0x41, 0x51, 0x61, 0x13, 0x22, 0x71, 0x81, 0x32, 0x06, 0x14, 0x91, 0xa1, 0xb1, 0x42, 0x23, 
  0x24, 0x15, 0x52, 0xc1, 0x62, 0x33, 0x34, 0x72, 0x82, 0xd1, 0x43, 0x07, 0x25, 0x92, 0x53, 0xf0, 
  0xe1, 0xf1, 0x63, 0x73, 0x35, 0x16, 0xa2, 0xb2, 0x83, 0x26, 0x44, 0x93, 0x54, 0x64, 0x45, 0xc2, 
  0xa3, 0x74, 0x36, 0x17, 0xd2, 0x55, 0xe2, 0x65, 0xf2, 0xb3, 0x84, 0xc3, 0xd3, 0x75, 0xe3, 0xf3, 
  0x46, 0x27, 0x94, 0xa4, 0x85, 0xb4, 0x95, 0xc4, 0xd4, 0xe4, 0xf4, 0xa5, 0xb5, 0xc5, 0xd5, 0xe5, 
  0xf5, 0x56, 0x66, 0x76, 0x86, 0x96, 0xa6, 0xb6, 0xc6, 0xd6, 0xe6, 0xf6, 0x37, 0x47, 0x57, 0x67, 
  0x77, 0x87, 0x97, 0xa7, 0xb7, 0xc7, 0xd7, 0xe7, 0xf7, 0x11, 0x00, 0x02, 0x02, 0x01, 0x02, 0x04, 
  0x04, 0x03, 0x04, 0x05, 0x06, 0x07, 0x07, 0x06, 0x05, 0x35, 0x01, 0x00, 0x02, 0x11, 0x03, 0x21, 
  0x31, 0x12, 0x04, 0x41, 0x51, 0x61, 0x71, 0x22, 0x13, 0x05, 0x32, 0x81, 0x91, 0x14, 0xa1, 0xb1, 
  0x42, 0x23, 0xc1, 0x52, 0xd1, 0xf0, 0x33, 0x24, 0x62, 0xe1, 0x72, 0x82, 0x92, 0x43, 0x53, 0x15, 
  0x63, 0x73, 0x34, 0xf1, 0x25, 0x06, 0x16, 0xa2, 0xb2, 0x83, 0x07, 0x26, 0x35, 0xc2, 0xd2, 0x44, 
  0x93, 0x54, 0xa3, 0x17, 0x64, 0x45, 0x55, 0x36, 0x74, 0x65, 0xe2, 0xf2, 0xb3, 0x84, 0xc3, 0xd3, 
  0x75, 0xe3, 0xf3, 0x46, 0x94, 0xa4, 0x85, 0xb4, 0x95, 0xc4, 0xd4, 0xe4, 0xf4, 0xa5, 0xb5, 0xc5, 
  0xd5, 0xe5, 0xf5, 0x56, 0x66, 0x76, 0x86, 0x96, 0xa6, 0xb6, 0xc6, 0xd6, 0xe6, 0xf6, 0x27, 0x37, 
  0x47, 0x57, 0x67, 0x77, 0x87, 0x97, 0xa7, 0xb7, 0xc7, 0xff, 0xda, 0x00, 0x0c, 0x03, 0x01, 0x00, 
  0x02, 0x11, 0x03, 0x11, 0x00, 0x3f, 0x00, 0xf5, 0x44, 0x92, 0x49, 0x25, 0x29, 0x24, 0x92, 0x49, 
  0x4a, 0x40, 0xcc, 0xce, 0xc4, 0xc1, 0xc6, 0xb7, 0x2f, 0x2e, 0xd6, 0xd3, 0x8f, 0x48, 0x9b, 0x2c, 
  0x71, 0xd0, 0x79, 0x7f, 0x5d, 0xdf, 0x98, 0xcf, 0xa6, 0xf5, 0x89, 0xd5, 0xbe, 0xb4, 0xe3, 0x1e, 
  0x94, 0x2e, 0xe9, 0x99, 0x0d, 0x07, 0x22, 0xcb, 0x69, 0x66, 0x59, 0x1b, 0x99, 0x5b, 0x31, 0xc3, 
  0xdf, 0x9f, 0x9c, 0xd6, 0xff, 0x00, 0x86, 0x66, 0x35, 0x55, 0x59, 0xe8, 0xfe, 0x65, 0xd9, 0x1e, 
  0x87, 0xfa, 0x45, 0xc4, 0x64, 0xf5, 0x4c, 0x6c, 0x46, 0x63, 0x74, 0x6e, 0xa1, 0x75, 0xb5, 0x9c, 
  0x1a, 0xbd, 0x5c, 0x87, 0xba, 0x5f, 0x73, 0x72, 0x72, 0x77, 0x64, 0xe4, 0xdb, 0xdf, 0xd7, 0xea, 
  0x74, 0xd1, 0x7b, 0x70, 0xf1, 0x9d, 0x67, 0xe8, 0xb1, 0x2f, 0xbb, 0x27, 0x33, 0xfe, 0xd3, 0xd0, 
  0xa7, 0xc7, 0xcb, 0xca, 0x7d, 0xf7, 0xf9, 0x6b, 0xd5, 0x5d, 0x56, 0xca, 0x60, 0x3d, 0x96, 0x5f, 
  0xd7, 0x4a, 0x4f, 0x4a, 0xab, 0x2f, 0x16, 0xbf, 0x4a, 0xdc, 0xa6, 0x59, 0x75, 0x3f, 0x68, 0x98, 
  0xaf, 0x1a, 0xb7, 0x7a, 0x5f, 0x6f, 0xca, 0xae, 0xaf, 0xd2, 0x6c, 0xb5, 0xdb, 0x1b, 0x8b, 0x8a, 
  0xcf, 0xd3, 0xe5, 0xdf, 0x6d, 0x54, 0x57, 0xfe, 0x13, 0xd2, 0xce, 0x67, 0x5c, 0xea, 0xbd, 0x3f, 
  0x01, 0x98, 0x37, 0xe4, 0x97, 0xf5, 0xbc, 0x88, 0xbf, 0x3a, 0xe7, 0xb3, 0xd5, 0x75, 0x1e, 0xb7, 
  0xf4, 0x6c, 0x2c, 0x3c, 0x0a, 0xbf, 0x9e, 0xce, 0xf4, 0x87, 0xe8, 0xf1, 0x19, 0xfa, 0x0a, 0x3f, 
  0x49, 0x93, 0x92, 0xff, 0x00, 0x47, 0xf9, 0xde, 0x3a, 0xee, 0xad, 0xd6, 0xb2, 0xba, 0xab, 0x72, 
  0x70, 0x71, 0xdd, 0x8b, 0x4d, 0xbe, 0x98, 0xe9, 0xd4, 0xdb, 0x5c, 0xb6, 0xba, 0xe8, 0x6f, 0xa1, 
  0x8a, 0xea, 0x7d, 0x6f, 0xd1, 0xdf, 0x66, 0x2e, 0xeb, 0x2c, 0xaf, 0xd3, 0xf5, 0xfd, 0x3b, 0xae, 
  0xb6, 0xda, 0x99, 0xea, 0x22, 0x0e, 0x85, 0x97, 0xf6, 0xdb, 0xaf, 0xc9, 0xcd, 0xfb, 0x49, 0xb0, 
  0x6f, 0xcb, 0xb8, 0x0b, 0xeb, 0xb5, 0xae, 0x3f, 0x4f, 0xed, 0xb8, 0xee, 0xab, 0xed, 0xb5, 0xe3, 
  0xbb, 0xfe, 0xe4, 0x37, 0x1a, 0xec, 0x5f, 0xf4, 0x8a, 0xc8, 0xe5, 0xa1, 0x11, 0xea, 0x20, 0x7e, 
  0x95, 0x7c, 0xf2, 0xbf, 0xdd, 0xfe, 0x5f, 0x3b, 0x1f, 0xb8, 0x4e, 0xde, 0x4f, 0x6b, 0xf5, 0x7f, 
  0xf6, 0x57, 0x4e, 0xcc, 0xbf, 0xa8, 0xf5, 0x8e, 0xa7, 0x50, 0xea, 0x77, 0x8f, 0x49, 0x94, 0xe5, 
  0x65, 0xd7, 0x6d, 0xb4, 0x54, 0x3f, 0xc1, 0xd8, 0xfd, 0xfe, 0x93, 0x6f, 0xbd, 0xff, 0x00, 0xa4, 
  0xc8, 0xf4, 0x18, 0xcc, 0x7a, 0xfd, 0x94, 0x53, 0xfc, 0xde, 0xfb, 0x3a, 0xda, 0xae, 0xaa, 0xea, 
  0xdb, 0x6d, 0x2f, 0x6d, 0x95, 0xbb, 0x56, 0xbd, 0x84, 0x39, 0xa4, 0x7f, 0x25, 0xcd, 0x5c, 0x27, 
  0x47, 0x77, 0x4e, 0x77, 0xa5, 0xd3, 0x9d, 0xd4, 0x1f, 0xd3, 0xdb, 0x91, 0xec, 0xa7, 0xd0, 0x18, 
  0x16, 0x51, 0x71, 0xff, 0x00, 0x47, 0x8f, 0x9d, 0x8f, 0x8b, 0xfc, 0xef, 0xfc, 0x0e, 0x4b, 0x29, 
  0xc9, 0x5d, 0x5f, 0x45, 0xfa, 0xb9, 0xd2, 0x7a, 0x1b, 0x2c, 0x6f, 0x4f, 0xa8, 0xb1, 0xd7, 0x1d, 
  0xd7, 0x58, 0xe7, 0x39, 0xce, 0x7b, 0xbf, 0x79, 0xdb, 0x8e, 0xcf, 0xf3, 0x1a, 0xaa, 0xe6, 0x02, 
  0xec, 0x93, 0xc5, 0xd3, 0xf7, 0x6b, 0xf9, 0x7f, 0x7d, 0x92, 0x24, 0xf6, 0x74, 0xd2, 0x49, 0x25, 
  0x0a, 0xe5, 0x24, 0x92, 0x49, 0x29, 0x49, 0x24, 0x92, 0x4a, 0x7f, 0xff, 0xd0, 0xf5, 0x44, 0x92, 
  0x49, 0x25, 0x29, 0x72, 0x9d, 0x57, 0xeb, 0x13, 0x33, 0xeb, 0xea, 0x7d, 0x32, 0x92, 0x68, 0xaa, 
  0xac, 0x8c, 0x7c, 0x17, 0xe5, 0x83, 0x04, 0xb6, 0xf7, 0x16, 0xe7, 0xbe, 0xbf, 0xdd, 0xf4, 0x29, 
  0xae, 0xfa, 0x9a, 0xff, 0x00, 0xf4, 0xaa, 0xff, 0x00, 0x58, 0xeb, 0x77, 0x61, 0x75, 0xde, 0x91, 
  0x81, 0x58, 0x9a, 0x72, 0x9e, 0xff, 0x00, 0xb6, 0x18, 0x9d, 0xad, 0x70, 0xf4, 0x71, 0x3f, 0xab, 
  0xbf, 0x2d, 0xcd, 0x5e, 0x71, 0x76, 0x6d, 0xbd, 0x46, 0xaa, 0xfe, 0xae, 0xf4, 0xda, 0x7d, 0x7c, 
  0xac, 0xe6, 0xe2, 0xb2, 0xd7, 0xfe, 0xeb, 0xa8, 0x37, 0x64, 0x64, 0xeb, 0xf9, 0xaf, 0x6e, 0x4d, 
  0xf6, 0x3a, 0xfb, 0x7f, 0x32, 0x95, 0x67, 0x06, 0x03, 0x2f, 0x51, 0xf0, 0x95, 0xfe, 0xe8, 0xe2, 
  0xf5, 0x4a, 0x5f, 0xe2, 0xb1, 0xce, 0x75, 0xa0, 0x45, 0xd5, 0xba, 0xdb, 0x3d, 0x2e, 0x99, 0x8f, 
  0xd2, 0x36, 0xc6, 0x0b, 0x2e, 0xc8, 0x7d, 0x75, 0xb3, 0x7d, 0x6c, 0x75, 0xf6, 0xfd, 0xa6, 0x9a, 
  0x4b, 0x76, 0xed, 0xb3, 0xec, 0x95, 0xb6, 0x86, 0xbf, 0xfc, 0x0f, 0xac, 0xc5, 0x2a, 0x3a, 0x67, 
  0x45, 0xb3, 0x14, 0xe5, 0xe7, 0xdf, 0x7e, 0x46, 0x6d, 0xae, 0xf5, 0x6d, 0xbb, 0xd6, 0xc7, 0x69, 
  0x73, 0x9d, 0xee, 0xd9, 0xf6, 0x0b, 0x9f, 0x66, 0x56, 0x4e, 0xf7, 0x7f, 0x39, 0xea, 0x7a, 0x2f, 
  0xb3, 0xf9, 0x0b, 0x5b, 0xa5, 0xe0, 0x5f, 0xd2, 0x0f, 0xec, 0xfa, 0x3a, 0xb7, 0x4d, 0x6b, 0xef, 
  0x78, 0x67, 0xea, 0xb9, 0x0f, 0x65, 0xd7, 0x59, 0x3b, 0x5a, 0xdb, 0xaf, 0xaf, 0x1b, 0x22, 0xff, 
  0x00, 0xd1, 0xee, 0xf6, 0x62, 0x51, 0x65, 0x0c, 0xad, 0x76, 0x18, 0x18, 0x9f, 0xf3, 0x73, 0x12, 
  0xfe, 0xa3, 0xd6, 0xfa, 0xad, 0x97, 0xb4, 0x09, 0xb0, 0xdb, 0xfc, 0xd5, 0x40, 0x9d, 0x1b, 0x4c, 
  0x87, 0xe4, 0x59, 0x66, 0xe7, 0x7a, 0x7b, 0x9f, 0x63, 0xec, 0xb7, 0xfd, 0x1a, 0xb1, 0x93, 0x30, 
  0x80, 0x11, 0x87, 0x7d, 0x3f, 0x7f, 0x27, 0x11, 0xfe, 0xef, 0xef, 0x2c, 0x8c, 0x09, 0xd4, 0xff, 
  0x00, 0x60, 0x70, 0xfa, 0x67, 0xd5, 0xee, 0xa1, 0xd5, 0xf0, 0x99, 0x65, 0x19, 0x36, 0x74, 0xfc, 
  0x70, 0x60, 0xd1, 0x95, 0x8b, 0x67, 0xbc, 0x0f, 0xde, 0xc1, 0xce, 0xca, 0xcb, 0xc4, 0x75, 0x7f, 
  0xcb, 0xaa, 0xba, 0x96, 0xf7, 0xfc, 0xd4, 0xfa, 0xb7, 0x8c, 0x68, 0xcb, 0xc8, 0xa5, 0x8c, 0xbf, 
  0x18, 0x87, 0x57, 0x91, 0xea, 0x59, 0x53, 0x5a, 0xff, 0x00, 0xde, 0xa9, 0xbe, 0xb6, 0xca, 0x1a, 
  0xe7, 0x7f, 0x82, 0x62, 0xa5, 0xd7, 0x3e, 0xb5, 0x5f, 0x77, 0x43, 0xa3, 0xa8, 0xfd, 0x57, 0xb6, 
  0xbb, 0x9f, 0x66, 0x65, 0x58, 0xaf, 0xf5, 0x58, 0xe1, 0x0e, 0x79, 0xdb, 0xe8, 0xd8, 0xdb, 0x7d, 
  0x37, 0x52, 0xff, 0x00, 0x55, 0xd5, 0x57, 0xee, 0xff, 0x00, 0x48, 0xb0, 0x7e, 0xb4, 0xe4, 0x62, 
  0xfd, 0x60, 0x1d, 0x1f, 0xa8, 0xb3, 0x1e, 0xb7, 0x5a, 0x6f, 0xb3, 0xa5, 0xe6, 0xe1, 0x66, 0x39, 
  0xcd, 0x65, 0x39, 0x16, 0x08, 0x63, 0x32, 0x7d, 0x3f, 0x7b, 0x1d, 0x45, 0xed, 0x73, 0xab, 0xb3, 
  0x6f, 0xe9, 0x14, 0x00, 0x65, 0x99, 0x16, 0x4c, 0x22, 0x4c, 0x86, 0x9f, 0x34, 0x74, 0xf9, 0x67, 
  0xf2, 0x7c, 0xcb, 0xfd, 0x23, 0x61, 0x6f, 0x5b, 0xd4, 0xa8, 0xfa, 0x9d, 0xea, 0xde, 0x3a, 0x95, 
  0x38, 0x46, 0xea, 0xaa, 0xfb, 0x4e, 0x47, 0xa9, 0x5b, 0x0b, 0xc5, 0x73, 0xb7, 0xed, 0x16, 0x7b, 
  0x77, 0xec, 0xdf, 0xf9, 0xea, 0xdf, 0x4f, 0xeb, 0xdd, 0x0b, 0x3e, 0x6b, 0xe9, 0xf9, 0xb4, 0x5f, 
  0xe8, 0xb3, 0x7b, 0x9b, 0x5b, 0xc1, 0x2d, 0x60, 0xd3, 0x7b, 0xc4, 0xfb, 0x59, 0xfc, 0xa5, 0xcd, 
  0xf4, 0xbe, 0x9f, 0x6f, 0x4d, 0xfa, 0xd7, 0xd3, 0x3a, 0x7e, 0x63, 0xc6, 0x4b, 0xc7, 0x44, 0x38, 
  0xf7, 0x59, 0x1e, 0xd7, 0x1a, 0xad, 0x07, 0xf3, 0xbf, 0x37, 0x6f, 0xef, 0xae, 0x7e, 0xac, 0xaa, 
  0x6a, 0xfa, 0xad, 0x46, 0x1d, 0x74, 0x3f, 0xed, 0x3d, 0x77, 0x2b, 0x24, 0xe4, 0xbf, 0x1e, 0xad, 
  0xd9, 0x03, 0x02, 0xbb, 0x9d, 0xf6, 0xad, 0x8c, 0x60, 0xf5, 0x36, 0xbb, 0x6f, 0xa2, 0xc6, 0x7f, 
  0x5d, 0x0f, 0x68, 0x48, 0x01, 0xc4, 0x65, 0xf2, 0xd1, 0xe9, 0xea, 0xe2, 0xe2, 0xd3, 0xfe, 0xa6, 
  0x9e, 0x2a, 0xe9, 0x4f, 0xaa, 0x31, 0xec, 0x7b, 0x43, 0xd8, 0xe0, 0xe6, 0xb8, 0x48, 0x70, 0x32, 
  0x08, 0xf2, 0x21, 0x3a, 0xf3, 0xce, 0x95, 0x9d, 0x95, 0x6f, 0xd5, 0xcf, 0xaa, 0xfd, 0x1f, 0xa7, 
  0x5a, 0xfa, 0x2e, 0xce, 0xc8, 0xb0, 0xd9, 0x65, 0x46, 0x1e, 0xdc, 0x6c, 0x5b, 0x2c, 0x75, 0xfa, 
  0x8f, 0xde, 0xfd, 0x1d, 0x6b, 0xd0, 0xd4, 0x39, 0x31, 0x98, 0x1a, 0x27, 0xac, 0x87, 0xf8, 0x92, 
  0xe1, 0x5d, 0x19, 0x5f, 0xe0, 0xa4, 0x92, 0x49, 0x31, 0x2a, 0x49, 0x24, 0x92, 0x53, 0xff, 0xd1, 
  0xf5, 0x44, 0xc4, 0x86, 0x82, 0xe2, 0x60, 0x0d, 0x49, 0xf2, 0x4e, 0xb3, 0xfa, 0xdf, 0x55, 0xc3, 
  0xe9, 0x58, 0x6d, 0xc8, 0xcd, 0x91, 0x8f, 0x6d, 0xac, 0xa2, 0xc7, 0x88, 0x01, 0x82, 0xd3, 0xe9, 
  0x7a, 0x8f, 0x9f, 0xf0, 0x6c, 0xdd, 0xef, 0x44, 0x02, 0x48, 0x03, 0xaa, 0x9e, 0x0f, 0xab, 0x7d, 
  0x68, 0x36, 0xd1, 0x83, 0xd7, 0xae, 0xa7, 0xf4, 0xaf, 0x77, 0xa0, 0x68, 0x68, 0x20, 0x0b, 0x71, 
  0x32, 0x6b, 0xce, 0xa4, 0x39, 0xce, 0xff, 0x00, 0x4f, 0x8a, 0xe6, 0x5c, 0xb2, 0xba, 0x6f, 0x4e, 
  0x6b, 0x30, 0xac, 0xea, 0xb9, 0xf9, 0x96, 0xd7, 0x7f, 0x50, 0x6b, 0xb2, 0x72, 0x30, 0xf1, 0xeb, 
  0x64, 0x1c, 0x67, 0x3c, 0xd8, 0xdb, 0xb3, 0x72, 0x32, 0x1d, 0x5d, 0x38, 0x98, 0x99, 0x57, 0x0d, 
  0xcc, 0xa6, 0xcf, 0xe9, 0x3f, 0xa3, 0xf4, 0xeb, 0xc9, 0xfe, 0x6d, 0x0f, 0xac, 0x64, 0x39, 0xe2, 
  0xbf, 0xab, 0x56, 0x16, 0xd5, 0x63, 0x72, 0x31, 0xdb, 0x99, 0x63, 0xf4, 0x6b, 0x1d, 0x8f, 0x51, 
  0xc0, 0xb2, 0xd9, 0xfd, 0xd7, 0x52, 0xca, 0xf2, 0xbf, 0x97, 0x52, 0xda, 0xe8, 0xfd, 0x2d, 0xd9, 
  0x3d, 0x57, 0x1a, 0xae, 0x9b, 0x73, 0x9d, 0x58, 0xb5, 0xb7, 0xdf, 0x95, 0x93, 0xb6, 0xdb, 0x43, 
  0x18, 0xd6, 0x86, 0xda, 0xca, 0x5c, 0x1b, 0x87, 0x87, 0x95, 0x75, 0x6d, 0x65, 0x78, 0x98, 0xec, 
  0xa7, 0x23, 0x37, 0x13, 0x13, 0xf4, 0xf7, 0xfd, 0x93, 0xf4, 0x74, 0xad, 0x13, 0x50, 0xc7, 0xa7, 
  0xa7, 0x8b, 0xd5, 0xdf, 0xf5, 0x63, 0xe5, 0x0c, 0x03, 0x59, 0x77, 0xaf, 0xfa, 0x4f, 0x53, 0xf5, 
  0x4b, 0xa4, 0xd2, 0x30, 0xe9, 0xea, 0xb9, 0x18, 0x8f, 0xa3, 0x36, 0xc6, 0x91, 0x4b, 0x6f, 0x70, 
  0x7d, 0x95, 0x52, 0x7e, 0x83, 0x19, 0x55, 0x55, 0xe3, 0xe3, 0x61, 0xfa, 0x8c, 0xf7, 0xbe, 0xac, 
  0x7a, 0x19, 0xff, 0x00, 0x0a, 0xaf, 0x7d, 0x66, 0xe8, 0xce, 0xeb, 0x5d, 0x1e, 0xec, 0x2a, 0xac, 
  0xf4, 0x72, 0x25, 0xb6, 0xe3, 0x5a, 0x75, 0x0d, 0xb6, 0xa7, 0x0b, 0x69, 0x2e, 0xfe, 0x46, 0xf6, 
  0xed, 0x7a, 0xd4, 0x54, 0x7a, 0x9f, 0x59, 0xc0, 0xe9, 0x8d, 0x9c, 0xab, 0x3d, 0xe4, 0x17, 0x36, 
  0xa6, 0xea, 0xf2, 0x07, 0x2e, 0xdb, 0xf9, 0xac, 0xfe, 0x5d, 0x9e, 0xc5, 0x43, 0x8e, 0x46, 0x7c, 
  0x43, 0x7b, 0xb8, 0x8d, 0xe9, 0x9a, 0x85, 0x53, 0xc8, 0xe4, 0xe2, 0xfd, 0x69, 0xfa, 0xd0, 0xe3, 
  0xd3, 0x32, 0xf1, 0x2c, 0xe9, 0x14, 0x37, 0x1d, 0xcc, 0xcd, 0xb1, 0xe1, 0xae, 0xa5, 0xd9, 0x21, 
  0xf5, 0xd9, 0x46, 0x56, 0x1f, 0xa6, 0x45, 0x96, 0xfb, 0xab, 0x73, 0xbf, 0x9c, 0x5d, 0x1e, 0x1f, 
  0xd5, 0x0f, 0xab, 0xd8, 0x6e, 0x73, 0xea, 0xc3, 0x61, 0x73, 0xc5, 0x7e, 0xa0, 0x76, 0xe7, 0x35, 
  0xce, 0xa4, 0x97, 0xd5, 0x79, 0xae, 0xc7, 0x3d, 0xbe, 0xbe, 0xf7, 0x6e, 0xf5, 0xbf, 0x9d, 0x54, 
  0x7f, 0xf1, 0xc2, 0xe8, 0x27, 0x46, 0x8b, 0x5e, 0xe3, 0xc3, 0x1a, 0x6a, 0x73, 0x89, 0xfd, 0xd6, 
  0x34, 0x5f, 0xee, 0x72, 0x3e, 0x6f, 0xd7, 0x7e, 0x87, 0x85, 0x91, 0xf6, 0x7b, 0x9c, 0xfd, 0xe6, 
  0xb6, 0x5a, 0x20, 0x34, 0x7b, 0x6c, 0x6f, 0xa9, 0x59, 0xdb, 0x63, 0xd8, 0xff, 0x00, 0xa2, 0x7f, 
  0x71, 0x49, 0x2f, 0x74, 0xfa, 0x44, 0x4c, 0x23, 0xbf, 0x0c, 0x7f, 0x15, 0xa3, 0x87, 0x7b, 0xbf, 
  0x37, 0xa0, 0x80, 0x9b, 0x63, 0x37, 0x07, 0xc0, 0xdc, 0x34, 0x0e, 0x8d, 0x40, 0x3e, 0x6b, 0x27, 
  0x1f, 0xeb, 0x4f, 0x47, 0xbf, 0xa6, 0x5f, 0xd4, 0xc5, 0xa6, 0xbc, 0x7c, 0x51, 0x37, 0x7a, 0x90, 
  0xd7, 0x00, 0x7f, 0x9a, 0x23, 0xdd, 0xb1, 0xde, 0xbf, 0xf8, 0x1f, 0x7a, 0xa2, 0xdf, 0xaf, 0xfd, 
  0x09, 0xf8, 0xf7, 0x64, 0xb4, 0xbc, 0x57, 0x40, 0x69, 0x73, 0x9d, 0xb0, 0x34, 0xcb, 0x9b, 0x5e, 
  0xc6, 0xda, 0x2c, 0x75, 0x7e, 0xab, 0x3d, 0x46, 0x3b, 0xd3, 0x7b, 0xbe, 0x82, 0x8c, 0x63, 0x99, 
  0xba, 0x89, 0xd0, 0xd7, 0xd5, 0x77, 0x10, 0xee, 0x97, 0xaa, 0x7d, 0x48, 0xe8, 0x9d, 0x40, 0x54, 
  0xea, 0xc5, 0xbd, 0x3e, 0xec, 0x70, 0xe1, 0x45, 0xd8, 0x6f, 0x35, 0x16, 0x6f, 0x71, 0xb5, 0xfb, 
  0x58, 0xdf, 0xd1, 0xfb, 0xec, 0x76, 0xff, 0x00, 0xa0, 0xb6, 0xec, 0xb6, 0x8c, 0x3c, 0x57, 0x5b, 
  0x91, 0x68, 0xae, 0x8a, 0x19, 0x36, 0x5b, 0x63, 0xa0, 0x06, 0xb4, 0x6a, 0xfb, 0x1e, 0xe5, 0x89, 
  0x83, 0xf5, 0xdb, 0xa2, 0xe6, 0xd3, 0x93, 0x7b, 0x5c, 0x6b, 0xa7, 0x0e, 0xbf, 0x56, 0xdb, 0x5e, 
  0x5a, 0x59, 0x12, 0x1b, 0xb3, 0xd4, 0x63, 0xdd, 0xb6, 0xdf, 0x7b, 0x3d, 0x8e, 0xfd, 0xf4, 0xba, 
  0x6f, 0xd6, 0xae, 0x87, 0xf5, 0x86, 0xd7, 0x74, 0xd6, 0x57, 0xeb, 0x0b, 0x58, 0xed, 0xec, 0x78, 
  0x65, 0x95, 0x91, 0x1e, 0xea, 0xed, 0xd8, 0xeb, 0x3e, 0x93, 0x7f, 0x7f, 0xe9, 0xa3, 0x28, 0xe4, 
  0x23, 0xd4, 0x24, 0x44, 0x37, 0xfe, 0xad, 0xa0, 0x18, 0xf4, 0xad, 0x5c, 0x16, 0x7d, 0x7e, 0xca, 
  0xb7, 0xae, 0x59, 0x94, 0xe6, 0xbe, 0xae, 0x8f, 0x5d, 0x00, 0x61, 0x61, 0x06, 0x03, 0x91, 0x99, 
  0x65, 0xef, 0xd9, 0x89, 0x65, 0x35, 0xba, 0x2c, 0xfd, 0x2f, 0xa7, 0x63, 0xea, 0xff, 0x00, 0x80, 
  0xfa, 0x7f, 0xce, 0xae, 0xf1, 0x8e, 0x2e, 0x63, 0x5c, 0x41, 0x6e, 0xe0, 0x0e, 0xd7, 0x72, 0x27, 
  0xf3, 0x5c, 0xb8, 0x1f, 0xad, 0x3d, 0x29, 0x9d, 0x13, 0xa9, 0x1e, 0xb6, 0x32, 0x4d, 0x2f, 0xea, 
  0x77, 0xb7, 0x1d, 0xdd, 0x44, 0xd7, 0xb8, 0x74, 0xfc, 0x71, 0x5e, 0xc7, 0x0c, 0x66, 0x32, 0x7f, 
  0x4d, 0x7e, 0xcf, 0x42, 0xbc, 0x8d, 0xbf, 0xa1, 0xaf, 0xfe, 0xdc, 0x47, 0xfa, 0xa5, 0x75, 0x58, 
  0xdd, 0x53, 0x23, 0x2b, 0x1f, 0x2b, 0x25, 0x9f, 0x57, 0xef, 0xad, 0x94, 0xe3, 0xdb, 0xd4, 0xad, 
  0x3b, 0xb2, 0x72, 0xcb, 0xff, 0x00, 0xa4, 0x61, 0xb6, 0xfd, 0xb6, 0x7a, 0x6e, 0x61, 0xf4, 0xff, 
  0x00, 0xe1, 0x5f, 0xff, 0x00, 0x81, 0xcb, 0x93, 0x1c, 0x25, 0x11, 0x38, 0x0e, 0x10, 0x23, 0xf6, 
  0xcb, 0xf7, 0x7f, 0xbc, 0x80, 0x48, 0x34, 0x5e, 0xe5, 0x24, 0x92, 0x55, 0x97, 0xbf, 0xff, 0xd2, 
  0xf5, 0x45, 0x83, 0xf5, 0xbd, 0xf8, 0xf6, 0xe0, 0xb3, 0x01, 0xcd, 0x16, 0xe5, 0xdc, 0x7e, 0xd1, 
  0x89, 0x8a, 0xe1, 0x3e, 0xb9, 0xc5, 0x2c, 0xbf, 0x23, 0x15, 0xbf, 0xf0, 0x97, 0x63, 0xfa, 0x95, 
  0xb1, 0x8b, 0x79, 0x73, 0x7f, 0x5d, 0x70, 0x6a, 0xc8, 0xc4, 0xc7, 0xcc, 0x7b, 0x8b, 0x4f, 0x4e, 
  0xb7, 0xd6, 0xb1, 0xf5, 0xcf, 0xa9, 0x55, 0x4e, 0x06, 0xa7, 0xe7, 0x52, 0xd6, 0xfb, 0xb7, 0xe0, 
  0xd9, 0xe9, 0x66, 0x7f, 0xc5, 0xd1, 0x6d, 0x69, 0xf8, 0xbe, 0x78, 0xf9, 0xfe, 0x3f, 0xa2, 0x89, 
  0x6c, 0x5f, 0x39, 0xce, 0xcb, 0xe8, 0xf7, 0xf5, 0xca, 0x5f, 0x96, 0x06, 0x4e, 0x16, 0x1e, 0x3f, 
  0xa4, 0xe7, 0x97, 0x6c, 0xfb, 0x57, 0xa6, 0x1f, 0xfb, 0x3b, 0xd7, 0xb9, 0xbf, 0x47, 0xf4, 0x2f, 
  0xc3, 0xab, 0x2a, 0xcf, 0xf8, 0x0b, 0x97, 0x73, 0xf5, 0x2b, 0xa7, 0xe2, 0x8e, 0xa5, 0x95, 0x9a, 
  0x5c, 0x0e, 0x4d, 0x54, 0xd7, 0x4d, 0x74, 0xed, 0xf4, 0xfd, 0x3a, 0xec, 0x9b, 0x9d, 0x6b, 0x71, 
  0x7e, 0x8e, 0x0d, 0x59, 0x4e, 0x67, 0xea, 0x98, 0xce, 0xfd, 0x6b, 0xec, 0x74, 0xd5, 0x91, 0x99, 
  0xfa, 0x7c, 0x95, 0xc4, 0xe4, 0xe6, 0x60, 0xe2, 0x7d, 0x65, 0x39, 0xee, 0xae, 0x9a, 0xec, 0x76, 
  0x3e, 0xf7, 0x80, 0xdf, 0x52, 0x8a, 0xfa, 0x83, 0xbf, 0x44, 0xfc, 0xaa, 0xeb, 0xf7, 0xef, 0xa9, 
  0xb6, 0xfe, 0xbb, 0x43, 0x7f, 0xc2, 0x7b, 0x3f, 0xd2, 0x2e, 0xff, 0x00, 0xea, 0x55, 0x78, 0x94, 
  0x3f, 0xa8, 0x50, 0xc6, 0xbd, 0xb9, 0x8e, 0x7d, 0x77, 0xe5, 0x32, 0xcf, 0x75, 0x8c, 0x6d, 0x8d, 
  0x2d, 0xc5, 0x66, 0x65, 0xbf, 0xe1, 0x3a, 0x85, 0xd5, 0xd6, 0xec, 0xcc, 0xdf, 0xf4, 0x76, 0xe4, 
  0xfa, 0x6a, 0xef, 0x32, 0x6b, 0x10, 0xab, 0x1e, 0x91, 0xff, 0x00, 0x4b, 0xd4, 0xc5, 0x8f, 0xe6, 
  0x3b, 0x1d, 0x5e, 0xa1, 0x78, 0xe7, 0x56, 0xea, 0x3f, 0xb5, 0x3e, 0xb1, 0x1a, 0xf3, 0x3d, 0xd5, 
  0xbf, 0xdc, 0x29, 0x76, 0xac, 0x75, 0xc4, 0x4e, 0x35, 0x76, 0xb6, 0x5b, 0xea, 0xd5, 0x4d, 0x45, 
  0xac, 0xc7, 0xa7, 0xfd, 0x37, 0xfe, 0x18, 0xb1, 0x7b, 0x1a, 0xf1, 0x9f, 0xad, 0xbd, 0x03, 0x33, 
  0x0b, 0xa9, 0xd8, 0xd6, 0x31, 0xcf, 0x0d, 0x1c, 0x36, 0x4b, 0xcb, 0x1a, 0x4f, 0xa5, 0x95, 0x58, 
  0x6f, 0xb9, 0xec, 0xd9, 0xb2, 0xbb, 0x7d, 0x2f, 0xe8, 0xd7, 0x55, 0xfa, 0x4f, 0xf0, 0x4f, 0x51, 
  0x72, 0x5c, 0x3c, 0x72, 0x04, 0xd1, 0x23, 0xd2, 0x57, 0x65, 0xba, 0x15, 0xdf, 0x57, 0x6b, 0x23, 
  0xfc, 0x5f, 0x5f, 0x93, 0xd4, 0x31, 0x32, 0x7a, 0x43, 0xaa, 0x38, 0x6e, 0x35, 0xda, 0x72, 0x48, 
  0x0c, 0x63, 0xab, 0x04, 0x3f, 0x77, 0xa3, 0x58, 0xf6, 0x65, 0x37, 0x6e, 0xdd, 0x8c, 0x63, 0x2a, 
  0xbb, 0xfe, 0x0a, 0xd6, 0x5a, 0x83, 0xfe, 0x30, 0xb0, 0x2b, 0xaf, 0xa8, 0x74, 0xfc, 0x6d, 0xd3, 
  0x63, 0xfd, 0x0a, 0x5f, 0x6c, 0x6a, 0x41, 0x6f, 0xa3, 0xbd, 0xad, 0x27, 0xdb, 0xf4, 0x1a, 0xef, 
  0x49, 0x3f, 0xd5, 0x6f, 0xaf, 0xb6, 0xe1, 0x0a, 0xb0, 0xef, 0xad, 0xf9, 0x0d, 0x73, 0xff, 0x00, 
  0x4e, 0xc6, 0x37, 0x71, 0x64, 0xff, 0x00, 0x39, 0x95, 0x5b, 0x83, 0x83, 0x6a, 0xaf, 0xfc, 0x3e, 
  0x4d, 0x4f, 0xaf, 0xf9, 0xdf, 0x57, 0xd3, 0xfe, 0x73, 0xd8, 0x5f, 0xf1, 0x96, 0x5c, 0xfc, 0xfc, 
  0x2b, 0xb1, 0x7f, 0x4c, 0x40, 0xaa, 0xe6, 0x6c, 0x1b, 0xe5, 0xa0, 0x5b, 0xb2, 0xc8, 0x67, 0xd2, 
  0xa5, 0xce, 0x53, 0x47, 0xde, 0x19, 0xe1, 0x1c, 0x87, 0xe5, 0x12, 0x10, 0x92, 0xc3, 0xc2, 0x60, 
  0x48, 0xeb, 0xbb, 0x83, 0xd3, 0xb2, 0x06, 0x06, 0x4d, 0xbd, 0x2e, 0xf3, 0xf6, 0x9c, 0x4b, 0xc3, 
  0x8e, 0x3c, 0x7b, 0x5b, 0x73, 0x49, 0x71, 0x65, 0x7b, 0x6c, 0xf6, 0xfe, 0x9e, 0xd6, 0xfb, 0x6b, 
  0xb7, 0xf9, 0x9c, 0xdf, 0xd1, 0xff, 0x00, 0x85, 0x5a, 0x9f, 0x56, 0xb0, 0xe9, 0xac, 0xf5, 0x9c, 
  0x52, 0xc3, 0xb2, 0x91, 0x76, 0xd6, 0xbf, 0x52, 0x0b, 0x5b, 0x44, 0x35, 0xdb, 0xff, 0x00, 0x73, 
  0xe8, 0x7b, 0xd0, 0xf3, 0xba, 0x4e, 0x5f, 0x57, 0xfa, 0xbc, 0xce, 0xb2, 0xfa, 0x0e, 0x3e, 0xc7, 
  0x16, 0x37, 0x78, 0x2d, 0x70, 0x2d, 0x86, 0xfa, 0xb6, 0x13, 0xb7, 0xf5, 0x7b, 0x76, 0xfd, 0x9f, 
  0xed, 0x3e, 0xcf, 0xd2, 0x57, 0x46, 0x55, 0xdf, 0xf6, 0xa2, 0xc4, 0x7f, 0xa8, 0xf8, 0xd9, 0x97, 
  0x5b, 0x9b, 0x8f, 0x78, 0x77, 0xda, 0x72, 0xeb, 0xbc, 0xcb, 0xdc, 0x0b, 0xc9, 0x2c, 0xa7, 0xf4, 
  0x8f, 0x74, 0xbb, 0xe9, 0x59, 0xec, 0xde, 0xf4, 0xec, 0x92, 0x07, 0x1c, 0xe5, 0x75, 0x2d, 0xa7, 
  0x1b, 0xfd, 0x28, 0xfe, 0x92, 0x00, 0x36, 0x07, 0xd8, 0x58, 0xfd, 0x45, 0xc0, 0xc7, 0xcf, 0xc7, 
  0xea, 0xd8, 0x77, 0x7b, 0x6a, 0x05, 0xee, 0x6c, 0x6a, 0x01, 0xaf, 0xd3, 0xd9, 0xb9, 0xae, 0xf6, 
  0xd8, 0xcf, 0xf8, 0x37, 0xa2, 0x7f, 0x8b, 0xda, 0xab, 0xa7, 0xeb, 0x46, 0x45, 0x55, 0x08, 0xad, 
  0x92, 0x18, 0x26, 0x60, 0x6c, 0x7b, 0xa2, 0x4f, 0xc5, 0x65, 0x74, 0xde, 0xab, 0xd4, 0x3e, 0xad, 
  0x65, 0x66, 0xd2, 0x71, 0xde, 0xef, 0x5c, 0xbc, 0x1d, 0xad, 0x9d, 0x1f, 0xed, 0x75, 0x6f, 0xdc, 
  0x3d, 0x9b, 0x76, 0x37, 0xfe, 0x13, 0x7f, 0xf8, 0x3f, 0x4d, 0x6e, 0xff, 0x00, 0x8b, 0x6c, 0x1c, 
  0xdb, 0xba, 0xa6, 0x47, 0x54, 0xb9, 0x86, 0xa6, 0x19, 0x3b, 0x48, 0x23, 0x90, 0x58, 0xc6, 0xeb, 
  0xee, 0xfc, 0xef, 0xcf, 0xfd, 0xcf, 0x51, 0x0c, 0xd6, 0x23, 0x9a, 0x44, 0xfa, 0x32, 0x01, 0xc1, 
  0xaf, 0xcd, 0x25, 0x47, 0x53, 0x01, 0xd6, 0x3b, 0xbe, 0x89, 0x95, 0x4b, 0xef, 0xc6, 0xb6, 0x9a, 
  0xec, 0xf4, 0x9f, 0x63, 0x0b, 0x59, 0x68, 0x01, 0xc5, 0x8e, 0x23, 0xdb, 0x66, 0xcb, 0x37, 0x31, 
  0xdb, 0x1d, 0xee, 0xf7, 0xaf, 0x30, 0x7f, 0xd5, 0xae, 0xa5, 0xd5, 0xf2, 0xb2, 0xb2, 0x69, 0x2f, 
  0x34, 0xb0, 0x37, 0x1c, 0xf5, 0x5e, 0xb2, 0xe7, 0x36, 0xd1, 0x73, 0x2c, 0x2e, 0xbf, 0x2f, 0xa6, 
  0xd4, 0xcf, 0xe6, 0x6b, 0xab, 0x67, 0xa4, 0xca, 0xfe, 0x82, 0xf5, 0x45, 0xe6, 0x7f, 0xe3, 0x06, 
  0x9c, 0x56, 0xf5, 0x92, 0x1d, 0x5e, 0x33, 0xec, 0xb9, 0x8c, 0x75, 0x86, 0xdb, 0x6c, 0xbb, 0x24, 
  0xb6, 0x3d, 0x38, 0xc3, 0xc0, 0x73, 0x6d, 0xc6, 0xc6, 0xfa, 0x1f, 0xce, 0x7a, 0x2f, 0x55, 0x79, 
  0x59, 0x1e, 0x23, 0x11, 0xa1, 0x3d, 0x6b, 0x8b, 0x66, 0x59, 0x81, 0x57, 0xd9, 0xf4, 0x6c, 0x3c, 
  0x9a, 0x32, 0x68, 0x6b, 0xe8, 0xbd, 0x99, 0x4d, 0x6f, 0xb1, 0xd7, 0x56, 0x43, 0x9a, 0x5c, 0xdf, 
  0x6b, 0xfe, 0x81, 0x73, 0x77, 0x6e, 0x46, 0x5c, 0xbf, 0xf8, 0xbe, 0x75, 0x4d, 0xe8, 0xcf, 0xa2, 
  0x8e, 0x99, 0x7f, 0x4b, 0xa6, 0xab, 0x4e, 0xc6, 0xe4, 0x39, 0xce, 0x75, 0xbb, 0x83, 0x5c, 0xec, 
  0x8d, 0xd6, 0x57, 0x4f, 0xe7, 0x7b, 0x76, 0xb1, 0x9b, 0x17, 0x50, 0xa1, 0xc9, 0x1e, 0x19, 0xca, 
  0x3d, 0x8f, 0xf2, 0xf9, 0x57, 0x03, 0x62, 0xdf, 0xff, 0xd3, 0xf5, 0x45, 0xcd, 0xfd, 0x72, 0xc2, 
  0xb7, 0x6e, 0x1f, 0x58, 0xa2, 0xeb, 0x31, 0x9f, 0xd3, 0x5e, 0xef, 0x5a, 0xfa, 0x9b, 0xbc, 0xb2, 
  0x8b, 0x46, 0xdb, 0x6d, 0xb2, 0x9f, 0xfb, 0x53, 0x8f, 0x45, 0x8c, 0xa6, 0xec, 0x9c, 0x7f, 0xcf, 
  0xc6, 0xf5, 0xff, 0x00, 0xc2, 0x2e, 0x91, 0x66, 0xfd, 0x61, 0xa3, 0xaa, 0x5d, 0xd2, 0xae, 0xfd, 
  0x91, 0x71, 0xa7, 0xa8, 0x55, 0x16, 0x63, 0x91, 0x04, 0x3d, 0xcc, 0xf7, 0x7a, 0x16, 0x36, 0xcf, 
  0x63, 0x99, 0x73, 0x7f, 0x47, 0xee, 0x4e, 0xc6, 0x6a, 0x60, 0xe9, 0xdb, 0x5d, 0xbd, 0x5a, 0x20, 
  0xec, 0x5f, 0x2f, 0xb5, 0xdd, 0x37, 0xa3, 0x7d, 0x65, 0xc1, 0xea, 0x0c, 0xa2, 0xb6, 0x00, 0x2c, 
  0xb3, 0x27, 0x0c, 0x1d, 0xf4, 0xd7, 0x90, 0x1a, 0xff, 0x00, 0x42, 0xdc, 0x57, 0x7f, 0xdc, 0x1c, 
  0x97, 0x3f, 0x1b, 0x2b, 0x05, 0xff, 0x00, 0xe8, 0xff, 0x00, 0xe2, 0xf6, 0x57, 0xd7, 0xfd, 0x46, 
  0xbf, 0x1a, 0xac, 0xcb, 0x68, 0x05, 0xcf, 0xc8, 0xea, 0x34, 0x37, 0x34, 0x5a, 0xee, 0x6c, 0xae, 
  0xa7, 0x0c, 0x67, 0xe6, 0x5b, 0xbb, 0xdd, 0xbf, 0x3f, 0x36, 0xcc, 0xbc, 0x8a, 0xbf, 0xee, 0xb7, 
  0xa4, 0xb8, 0x9f, 0xac, 0x98, 0xd8, 0x7f, 0x63, 0xa7, 0xa8, 0x32, 0xb3, 0x5d, 0x8e, 0xb3, 0xd3, 
  0xf4, 0xab, 0xdc, 0x31, 0x6c, 0xac, 0x6e, 0x7d, 0xd4, 0xd1, 0x53, 0xe6, 0xee, 0x97, 0x99, 0x8f, 
  0x6e, 0xea, 0xf2, 0xba, 0x5d, 0x8f, 0xd9, 0x5f, 0xa9, 0xea, 0xe2, 0x2e, 0xa3, 0x1f, 0xac, 0x74, 
  0xcc, 0x2e, 0xbd, 0x9d, 0xd6, 0xda, 0x27, 0x13, 0x12, 0x8a, 0xeb, 0x3e, 0x98, 0x10, 0xda, 0xad, 
  0xfb, 0x16, 0x3f, 0x4e, 0xc7, 0x6f, 0xee, 0xfb, 0xbe, 0xd5, 0x76, 0xd5, 0x7f, 0x30, 0xe3, 0xc6, 
  0x2a, 0xc9, 0x31, 0x31, 0xff, 0x00, 0x0a, 0x12, 0xf4, 0xc7, 0xfe, 0x7b, 0x0c, 0x74, 0x91, 0xdb, 
  0x7f, 0xcd, 0xf4, 0x15, 0xca, 0xf5, 0xaf, 0xad, 0xff, 0x00, 0x52, 0xcd, 0xd7, 0x74, 0xde, 0xa8, 
  0xe3, 0x6d, 0x98, 0xcf, 0x2c, 0x7b, 0x3d, 0x1b, 0x1d, 0xb5, 0xe3, 0xe9, 0x7a, 0x76, 0xb1, 0xbe, 
  0xd7, 0x7f, 0x2e, 0xb7, 0xae, 0xa1, 0xfb, 0xf6, 0x38, 0xd7, 0x05, 0xf0, 0x76, 0x4f, 0x13, 0xf9, 
  0xb3, 0x1f, 0x9a, 0xbc, 0xc2, 0xdf, 0xf1, 0x5b, 0xf5, 0x8e, 0xfb, 0x6c, 0xbe, 0xec, 0xdc, 0x47, 
  0x5b, 0x73, 0xdd, 0x65, 0x8e, 0xfd, 0x26, 0xae, 0x79, 0x2f, 0x7f, 0xf8, 0x3f, 0xde, 0x72, 0xab, 
  0xcb, 0xc7, 0x14, 0x89, 0x39, 0x66, 0x61, 0x5f, 0x2d, 0x6f, 0x6c, 0x93, 0x32, 0x03, 0xd2, 0x2d, 
  0x96, 0x5f, 0xd6, 0xff, 0x00, 0xa9, 0xd8, 0xe6, 0x7a, 0x7f, 0x4b, 0xbb, 0x39, 0xc3, 0x56, 0xfd, 
  0xa1, 0xee, 0x65, 0x40, 0xff, 0x00, 0x29, 0x96, 0xbe, 0xd7, 0x58, 0xdf, 0xeb, 0xd4, 0xb2, 0x7a, 
  0x9f, 0xd7, 0xde, 0xbb, 0xd4, 0x2c, 0x6b, 0x83, 0x31, 0xb1, 0x9a, 0xc1, 0x15, 0x86, 0x52, 0xdb, 
  0x1c, 0xd1, 0xe0, 0x2d, 0xc9, 0x16, 0x78, 0x7e, 0x63, 0x18, 0xb4, 0xbf, 0xf1, 0xa8, 0xeb, 0xff, 
  0x00, 0xf7, 0x33, 0x13, 0xff, 0x00, 0x04, 0xff, 0x00, 0xc8, 0x2a, 0xf9, 0xbf, 0xe2, 0xc7, 0xeb, 
  0x36, 0x35, 0x41, 0xf4, 0x1a, 0x33, 0x5c, 0x5d, 0xb4, 0xd7, 0x53, 0x8b, 0x08, 0x11, 0xf4, 0xe7, 
  0x23, 0xd3, 0x66, 0xd5, 0x7a, 0x1f, 0x73, 0x04, 0x7a, 0x84, 0x8f, 0x79, 0x92, 0x7f, 0xe9, 0x7a, 
  0x58, 0x4f, 0xba, 0x7a, 0x57, 0x92, 0x2f, 0xfc, 0x71, 0xbe, 0xb2, 0x8e, 0x9c, 0xdc, 0x26, 0x3a, 
  0x96, 0x58, 0xd3, 0x1f, 0x6a, 0x6d, 0x6d, 0xdd, 0xe9, 0xc4, 0x36, 0x9f, 0x42, 0x3e, 0xce, 0xdf, 
  0xf8, 0xcd, 0x9f, 0xf5, 0xb5, 0x0e, 0x9d, 0xfe, 0x30, 0x7e, 0xb1, 0x60, 0xd8, 0x5e, 0x7e, 0xcf, 
  0x92, 0x08, 0x87, 0x07, 0xd2, 0xda, 0xdc, 0x40, 0xff, 0x00, 0x84, 0xc5, 0x14, 0xff, 0x00, 0xd4, 
  0xa1, 0xff, 0x00, 0xe3, 0x7f, 0xf5, 0xc3, 0xff, 0x00, 0x2b, 0xc7, 0xfd, 0xbd, 0x57, 0xfe, 0x94, 
  0x57, 0xb0, 0xbf, 0xc5, 0x87, 0xd6, 0x3c, 0x9a, 0x7d, 0x4b, 0xec, 0xa3, 0x09, 0xfb, 0x88, 0xf4, 
  0x6c, 0x25, 0xee, 0x81, 0xf9, 0xfb, 0xe8, 0xde, 0xcf, 0x72, 0x71, 0xfb, 0x98, 0x07, 0xf9, 0xba, 
  0x3d, 0xb5, 0xff, 0x00, 0xa2, 0x81, 0xef, 0x13, 0xd5, 0xd1, 0xaf, 0xfc, 0x62, 0xf4, 0x0c, 0xd7, 
  0x07, 0x75, 0x9e, 0x90, 0xe6, 0xdb, 0xf9, 0xd6, 0xd2, 0x5b, 0x60, 0x27, 0x8e, 0xfe, 0x85, 0xab, 
  0x77, 0xa4, 0xfd, 0x7f, 0xfa, 0xad, 0x93, 0x95, 0x8f, 0xd3, 0x70, 0x99, 0x75, 0x2f, 0xc8, 0x78, 
  0xae, 0xa6, 0x9a, 0x76, 0x33, 0x73, 0xbf, 0x79, 0xc0, 0xfe, 0x72, 0xe6, 0x3f, 0xf1, 0xa7, 0xeb, 
  0x9f, 0xf7, 0x3b, 0x17, 0xfc, 0xdb, 0x3f, 0xb9, 0x4a, 0xaf, 0xf1, 0x59, 0xf5, 0x86, 0x8b, 0x6b, 
  0xbe, 0x9c, 0xfc, 0x56, 0xdb, 0x4b, 0xdb, 0x65, 0x6e, 0x8b, 0x34, 0x73, 0x08, 0x7b, 0x3b, 0x7e, 
  0xf3, 0x54, 0x13, 0x87, 0x26, 0x41, 0xa9, 0xd7, 0x6d, 0x65, 0xc2, 0xc8, 0x0e, 0x5b, 0xd4, 0x3e, 
  0xa0, 0xb8, 0xcf, 0xae, 0xdd, 0x5f, 0x37, 0xa6, 0x75, 0x4c, 0x01, 0xd3, 0xb3, 0xec, 0xa3, 0x27, 
  0x26, 0x19, 0x76, 0x25, 0x78, 0xe3, 0x26, 0x69, 0x05, 0xff, 0x00, 0xad, 0xfa, 0x61, 0xbe, 0xab, 
  0xdc, 0xdb, 0x36, 0xd3, 0xe9, 0x36, 0xd5, 0xd8, 0xb3, 0x7e, 0xc6, 0xfa, 0x91, 0xbe, 0x06, 0xed, 
  0xbc, 0x4f, 0xe7, 0x6d, 0x95, 0xce, 0x75, 0x6e, 0x9f, 0xf5, 0x83, 0xa8, 0xfd, 0x60, 0x73, 0x30, 
  0x73, 0xae, 0xe9, 0x58, 0x54, 0xe2, 0xb0, 0xb6, 0xfa, 0xd8, 0xc7, 0xb2, 0xcb, 0x9d, 0x65, 0x9b, 
  0xd8, 0x45, 0xbf, 0xe8, 0xeb, 0xd8, 0xa9, 0xe1, 0x20, 0x4e, 0xe5, 0x54, 0x01, 0xf9, 0xb6, 0xff, 
  0x00, 0xa3, 0x36, 0x59, 0x6d, 0xa2, 0x5f, 0xaa, 0x9d, 0x4f, 0xeb, 0x36, 0x78, 0xbf, 0xf6, 0xde, 
  0x10, 0xc6, 0xa9, 0x91, 0xf6, 0x6b, 0xcb, 0x4d, 0x4f, 0xb6, 0x49, 0xdc, 0x5f, 0x8a, 0xfb, 0x2d, 
  0x7d, 0x3f, 0x9a, 0xba, 0x05, 0x95, 0xd1, 0x70, 0xba, 0xfe, 0x23, 0xae, 0x1d, 0x5b, 0xa8, 0xb3, 
  0xa8, 0xd6, 0x43, 0x45, 0x05, 0xb4, 0xb6, 0x97, 0x34, 0x89, 0xdf, 0xea, 0x6c, 0x3e, 0xfd, 0xde, 
  0xd5, 0xaa, 0x86, 0x42, 0x0c, 0x8d, 0x55, 0x7f, 0x52, 0xf8, 0x7f, 0xe7, 0x28, 0x6d, 0xfc, 0x5f, 
  0xff, 0xd4, 0xf5, 0x44, 0x92, 0x49, 0x25, 0x3e, 0x77, 0xd7, 0xf1, 0xd9, 0x91, 0xd4, 0xb3, 0x7a, 
  0x77, 0x57, 0xc6, 0xb3, 0x09, 0xf7, 0x81, 0x67, 0xed, 0x0c, 0x0f, 0x7b, 0x32, 0x2a, 0x69, 0xfd, 
  0x16, 0x4e, 0x4f, 0x4c, 0xb3, 0x73, 0xee, 0xb3, 0x0f, 0xfe, 0xd4, 0xdd, 0x8b, 0xbf, 0x2b, 0x1b, 
  0xff, 0x00, 0x0a, 0xae, 0x77, 0xa7, 0xe5, 0x61, 0xe2, 0x74, 0x3e, 0xa1, 0xd3, 0x32, 0x9b, 0x59, 
  0xc9, 0xc6, 0xc9, 0x6e, 0x55, 0x96, 0x31, 0xdb, 0xdb, 0x91, 0x40, 0x63, 0xf1, 0x9a, 0x69, 0x70, 
  0xf6, 0xd9, 0x5e, 0x33, 0xad, 0xaa, 0xfa, 0xff, 0x00, 0xe0, 0x6c, 0xff, 0x00, 0x8c, 0x5e, 0xa7, 
  0xf5, 0x8b, 0x1e, 0x8b, 0x7a, 0x6b, 0xdf, 0x6e, 0x0b, 0xfa, 0x8f, 0xa2, 0xe1, 0x63, 0x69, 0xa4, 
  0x86, 0xde, 0xd2, 0x3f, 0xc3, 0x62, 0x59, 0xba, 0xb7, 0xb3, 0x22, 0xbf, 0xcc, 0xf4, 0xac, 0x65, 
  0xab, 0xcb, 0xba, 0x9f, 0x45, 0xe9, 0x99, 0xf4, 0x5b, 0xd4, 0xfa, 0x6e, 0x4e, 0x4d, 0x6f, 0x79, 
  0x91, 0x5e, 0x75, 0x20, 0x31, 0xef, 0x1f, 0xce, 0x56, 0xec, 0xec, 0x7f, 0xd5, 0xe9, 0xc8, 0xff, 
  0x00, 0x83, 0xcd, 0xf4, 0xbd, 0x47, 0xff, 0x00, 0x38, 0xaf, 0xf2, 0xf9, 0x23, 0x28, 0xf0, 0xca, 
  0xe2, 0x2e, 0x3b, 0x6a, 0x38, 0xe3, 0xff, 0x00, 0x7c, 0xc3, 0x90, 0x11, 0xa8, 0xd4, 0xfe, 0xc7, 
  0xd0, 0xfe, 0xaf, 0xf5, 0x9b, 0xdf, 0xd4, 0x72, 0x7a, 0x26, 0x5b, 0x76, 0xbb, 0x16, 0xba, 0x8e, 
  0x2d, 0xbf, 0xe9, 0x1a, 0xda, 0x71, 0xfe, 0xd4, 0xc7, 0x7f, 0xc2, 0xd3, 0x7d, 0xdb, 0xff, 0x00, 
  0xe2, 0xaf, 0x62, 0xe8, 0x57, 0x94, 0x61, 0xf5, 0xb7, 0xfd, 0x62, 0xea, 0x8c, 0xc5, 0x0d, 0x38, 
  0xf9, 0xb9, 0xf4, 0xde, 0xdb, 0xa0, 0xed, 0x6b, 0x72, 0x5b, 0x8c, 0xfc, 0x76, 0xbf, 0x1e, 0xcf, 
  0xcd, 0xaf, 0x25, 0xb8, 0xf8, 0x6e, 0xd9, 0xfe, 0x06, 0xea, 0x3f, 0xc2, 0x2e, 0x9f, 0xa4, 0xfd, 
  0x75, 0xaf, 0x17, 0x07, 0x16, 0xbe, 0xb4, 0xe7, 0x38, 0xb8, 0xb6, 0xb3, 0x9c, 0x04, 0x0d, 0xaf, 
  0x61, 0x7d, 0x37, 0x65, 0xd6, 0xdf, 0xe6, 0x5e, 0xdb, 0x69, 0xca, 0xc2, 0xcc, 0xff, 0x00, 0x43, 
  0x95, 0x89, 0x67, 0xf8, 0x2b, 0x14, 0x39, 0xb9, 0x79, 0x83, 0xa0, 0xf5, 0x50, 0xe2, 0x88, 0xff, 
  0x00, 0xa5, 0xff, 0x00, 0x35, 0x74, 0x26, 0x0f, 0x5f, 0xab, 0x57, 0xeb, 0x4e, 0x3e, 0x4e, 0x37, 
  0xd7, 0x1f, 0xab, 0xf6, 0x1c, 0xdc, 0x8b, 0x6b, 0xcb, 0xcb, 0x3f, 0xab, 0x39, 0xc0, 0x55, 0x58, 
  0x69, 0xab, 0xd9, 0x53, 0x6a, 0x0c, 0xdd, 0xbf, 0xf3, 0xfd, 0x6f, 0x51, 0x03, 0xa8, 0xde, 0x4f, 
  0xd6, 0xbe, 0xa5, 0x4f, 0xd6, 0x7a, 0xb2, 0x6c, 0xc2, 0x75, 0x41, 0xbd, 0x19, 0x94, 0xb6, 0xd7, 
  0xd7, 0xa8, 0xff, 0x00, 0x02, 0xdc, 0x4f, 0xfb, 0x57, 0x6f, 0xfa, 0x57, 0xad, 0x3e, 0xb1, 0xf5, 
  0x6f, 0xa9, 0x75, 0xbe, 0xaf, 0x56, 0x7d, 0x1d, 0x66, 0x9a, 0xcf, 0x4c, 0xb3, 0x7e, 0x25, 0x2c, 
  0xa0, 0x3c, 0xd2, 0x5e, 0x18, 0xff, 0x00, 0xd3, 0x9f, 0x5b, 0xf4, 0xbe, 0xa3, 0x5a, 0xd7, 0x7b, 
  0xff, 0x00, 0xc1, 0xab, 0x56, 0xfd, 0x59, 0xea, 0xcd, 0xea, 0x17, 0xf5, 0x1c, 0x3e, 0xa6, 0xda, 
  0x73, 0x33, 0xb1, 0xeb, 0xc7, 0xcb, 0xb5, 0xf5, 0x39, 0xe1, 0xa6, 0xb1, 0xb5, 0xd7, 0xe0, 0xd3, 
  0xeb, 0x36, 0xba, 0xbd, 0x4f, 0xa5, 0xb2, 0xdf, 0x5b, 0xd2, 0x44, 0x64, 0x80, 0x8c, 0x2e, 0x43, 
  0x88, 0x40, 0xc7, 0x41, 0x28, 0xca, 0x32, 0xe3, 0xe3, 0xf9, 0xb8, 0x7f, 0x75, 0x44, 0x1b, 0x3a, 
  0x75, 0x79, 0x0e, 0x94, 0xee, 0xb7, 0xf5, 0x87, 0x07, 0xa4, 0xb2, 0xcb, 0xaf, 0x75, 0xd8, 0xff, 
  0x00, 0x6c, 0xc6, 0x75, 0xcd, 0xcb, 0x18, 0xcf, 0x71, 0x69, 0xa1, 0xf4, 0x7a, 0xef, 0xfd, 0x25, 
  0xb9, 0x1e, 0x9b, 0x37, 0xb1, 0xfe, 0x8d, 0x16, 0x3d, 0x6e, 0x74, 0x4f, 0xac, 0x38, 0x1d, 0x03, 
  0x1f, 0xab, 0x62, 0xf5, 0x4c, 0x7b, 0xf1, 0x73, 0x7a, 0x68, 0x6d, 0xd9, 0x4e, 0xb6, 0xf7, 0x65, 
  0xba, 0xf0, 0xf8, 0xaf, 0x1c, 0xd1, 0x91, 0x6e, 0xcf, 0xa7, 0x35, 0xd7, 0x5d, 0x5b, 0x2b, 0x63, 
  0x37, 0xff, 0x00, 0xc6, 0xad, 0x06, 0x7d, 0x46, 0xc3, 0xc4, 0xab, 0xa6, 0xbb, 0xa6, 0x5a, 0x29, 
  0xcb, 0xe9, 0x42, 0xcf, 0x46, 0xfb, 0xd8, 0x2f, 0x0f, 0x37, 0x7b, 0xae, 0xb2, 0xea, 0xf7, 0x53, 
  0xfa, 0x5d, 0xfe, 0xea, 0xec, 0x65, 0x9f, 0xa3, 0x56, 0xfa, 0x4f, 0xd5, 0x7a, 0x70, 0xf2, 0x72, 
  0xf3, 0xfa, 0x85, 0xc7, 0xa9, 0xf5, 0x0c, 0xfd, 0xa2, 0xfb, 0xad, 0x63, 0x5a, 0xc0, 0xc6, 0x7f, 
  0x37, 0x4d, 0x38, 0xfe, 0xf6, 0x32, 0xb6, 0x47, 0xf2, 0xd2, 0x9e, 0x5c, 0x52, 0xe2, 0xfd, 0xdb, 
  0xf4, 0xc4, 0x7a, 0x65, 0xf3, 0xf1, 0x7f, 0x73, 0x87, 0x81, 0x22, 0x32, 0x1e, 0x6f, 0x23, 0xd3, 
  0x3a, 0xe5, 0x56, 0x7d, 0x77, 0xc3, 0xea, 0x39, 0xfd, 0x4e, 0x9b, 0x5b, 0x91, 0x8a, 0xf0, 0xf6, 
  0xd5, 0x68, 0x76, 0x3d, 0x16, 0x3d, 0xdb, 0x71, 0xfa, 0x7d, 0x6f, 0x1e, 0xcb, 0x2d, 0x6b, 0x7e, 
  0x9d, 0x9f, 0xe1, 0x6e, 0x5e, 0x94, 0xb9, 0x6b, 0x7e, 0xa5, 0xbf, 0xf6, 0xe3, 0x7a, 0xdf, 0xed, 
  0x16, 0xd7, 0xe8, 0x92, 0x19, 0x8e, 0x31, 0xa9, 0x15, 0xb6, 0x8d, 0xde, 0xa1, 0xa0, 0xff, 0x00, 
  0x2b, 0xfe, 0xed, 0x7f, 0x3c, 0xba, 0x6a, 0x6e, 0xa6, 0xfa, 0x9b, 0x75, 0x0f, 0x6d, 0xb5, 0x58, 
  0x37, 0x32, 0xc6, 0x10, 0xe6, 0xb8, 0x1f, 0xce, 0x6b, 0xdb, 0xed, 0x72, 0x8f, 0x3c, 0xa1, 0x2e, 
  0x13, 0x0e, 0x91, 0xa2, 0x98, 0xd8, 0xbb, 0xee, 0xcd, 0x45, 0x96, 0x57, 0x63, 0x77, 0xd6, 0xe0, 
  0xf6, 0x9e, 0x1c, 0xd3, 0x23, 0xf0, 0x58, 0x3f, 0x5d, 0x73, 0xaa, 0xa7, 0xa3, 0xd9, 0x83, 0x65, 
  0xef, 0xc1, 0x3d, 0x45, 0xae, 0xa2, 0xbc, 0xfd, 0xae, 0xf4, 0x2a, 0x79, 0x8d, 0xad, 0xcb, 0xbd, 
  0x9f, 0xd1, 0xeb, 0xc8, 0xfe, 0x63, 0xd4, 0x5c, 0xdf, 0x46, 0xc5, 0xf4, 0xfa, 0xa5, 0x58, 0xbd, 
  0x34, 0x5d, 0xf5, 0x67, 0xaa, 0xbc, 0x0b, 0x2c, 0xc2, 0x83, 0x91, 0xd3, 0xf2, 0xaa, 0x66, 0xdf, 
  0x56, 0xfc, 0x67, 0x4f, 0xa7, 0xfc, 0xdf, 0xe7, 0xef, 0x4d, 0x8e, 0x2e, 0x28, 0x19, 0x13, 0x5b, 
  0xd6, 0x9d, 0x92, 0x65, 0xad, 0x3e, 0x88, 0x92, 0x49, 0x28, 0xd2, 0xff, 0x00, 0xff, 0xd5, 0xf5, 
  0x44, 0x92, 0x49, 0x25, 0x29, 0x73, 0xbf, 0x59, 0xba, 0x5e, 0x30, 0x61, 0xcf, 0xc7, 0xe9, 0x0e, 
  0xcf, 0xca, 0x76, 0x97, 0x1c, 0x5b, 0x7e, 0xcd, 0x71, 0x6c, 0x72, 0xe7, 0x30, 0xb3, 0xed, 0x5f, 
  0xf1, 0x6f, 0xde, 0xba, 0x24, 0x91, 0x8c, 0x8c, 0x4d, 0x8f, 0xe5, 0xfe, 0x2a, 0x08, 0xb7, 0xc8, 
  0x33, 0xba, 0x67, 0x42, 0x75, 0x2e, 0x34, 0xe3, 0x59, 0xd3, 0x33, 0x1a, 0x77, 0xb4, 0x9c, 0xa7, 
  0x1b, 0x58, 0xf1, 0xae, 0xdb, 0x31, 0x32, 0xa8, 0xc7, 0x77, 0xfe, 0xc3, 0xdb, 0xea, 0x7e, 0xe2, 
  0xa9, 0x85, 0x99, 0xd6, 0xf1, 0x8d, 0xdd, 0x43, 0x3f, 0x13, 0x2e, 0xdc, 0x6b, 0xc0, 0x07, 0x2f, 
  0xd1, 0x20, 0x32, 0xe6, 0xb9, 0xb7, 0xd3, 0x99, 0xfa, 0x46, 0x36, 0xab, 0x3f, 0x49, 0x5f, 0xeb, 
  0x0c, 0xb3, 0xf4, 0x79, 0x55, 0xdb, 0x6f, 0xab, 0xfc, 0xe2, 0xf5, 0xde, 0xad, 0x85, 0x9d, 0x9b, 
  0x8d, 0xe8, 0xe0, 0xe7, 0xbf, 0xa7, 0x58, 0x4e, 0xb7, 0x56, 0xc6, 0x58, 0x63, 0xf7, 0x76, 0xdc, 
  0x0f, 0xfd, 0x15, 0xca, 0xf5, 0x2f, 0xab, 0xb9, 0x78, 0x78, 0x4f, 0xbf, 0xaa, 0xf5, 0x63, 0x65, 
  0x4c, 0x1b, 0x5d, 0x79, 0x66, 0x4d, 0xf7, 0x3a, 0x7f, 0x35, 0xb8, 0xe3, 0x2d, 0xd4, 0x7b, 0xbf, 
  0x93, 0x8d, 0xb1, 0x5d, 0xc7, 0xcc, 0xc4, 0x8a, 0x96, 0xb6, 0x68, 0x09, 0x19, 0x4e, 0x5f, 0x43, 
  0x4c, 0x52, 0xc6, 0x77, 0x07, 0xf6, 0x3c, 0xc7, 0x4c, 0xea, 0x78, 0x77, 0xd9, 0xf6, 0xcc, 0x7b, 
  0x3e, 0xc1, 0x9f, 0x88, 0x05, 0x75, 0x56, 0xdb, 0x03, 0x5e, 0xea, 0x0f, 0xe9, 0x18, 0xcc, 0x3f, 
  0x55, 0xcd, 0xa3, 0x2f, 0xf6, 0x7d, 0xde, 0xa5, 0x35, 0x61, 0x66, 0x7f, 0x4a, 0xe9, 0x96, 0x55, 
  0x8b, 0xfc, 0xfd, 0x14, 0xd8, 0xb4, 0xfa, 0x77, 0x58, 0xea, 0xaf, 0xc7, 0xc9, 0xb7, 0x0f, 0xa8, 
  0xd9, 0x76, 0x1b, 0x49, 0x65, 0xcc, 0x05, 0xd6, 0x37, 0x1d, 0xc4, 0x7e, 0x65, 0x9b, 0x5f, 0xd4, 
  0xb1, 0xb0, 0xae, 0xfa, 0x78, 0x79, 0x7b, 0x32, 0xbe, 0xc5, 0xfd, 0x13, 0x3f, 0x16, 0xcf, 0x43, 
  0xd6, 0x54, 0x29, 0xe9, 0x7d, 0x0f, 0x2f, 0x18, 0xe3, 0x74, 0xfe, 0x97, 0x65, 0xce, 0x24, 0xc5, 
  0xd7, 0x0b, 0xec, 0xcc, 0x71, 0x3e, 0x34, 0xe2, 0x37, 0x1f, 0x0b, 0x0e, 0xbf, 0xfc, 0x33, 0x97, 
  0xff, 0x00, 0x5b, 0x55, 0x07, 0xd5, 0xbc, 0x0c, 0x46, 0xda, 0xcc, 0xdc, 0x97, 0x7d, 0xbe, 0xb7, 
  0xec, 0x2d, 0xa6, 0xd6, 0x32, 0x9a, 0x0f, 0xfd, 0xc6, 0xba, 0xfd, 0x97, 0x5f, 0x9d, 0x9d, 0xff, 
  0x00, 0x75, 0x3a, 0x6d, 0x36, 0xfa, 0x6a, 0x59, 0x0c, 0x52, 0xbd, 0xc7, 0x68, 0xc8, 0x09, 0xe8, 
  0x81, 0xc4, 0x3b, 0x1f, 0x22, 0xeb, 0x1c, 0xfe, 0xa7, 0xd4, 0x3a, 0x65, 0xa5, 0xdd, 0x46, 0xec, 
  0xcc, 0x7a, 0x5e, 0x77, 0x58, 0xd7, 0x56, 0xdb, 0x2b, 0x70, 0xff, 0x00, 0x07, 0x79, 0xc5, 0x7e, 
  0x3e, 0x4b, 0x3d, 0xbf, 0x43, 0x27, 0x17, 0xf6, 0x86, 0x16, 0x4d, 0x7f, 0xa4, 0xf4, 0x15, 0x0a, 
  0xfe, 0xb5, 0x5b, 0x83, 0x87, 0x5d, 0xfd, 0x37, 0xab, 0x5b, 0xf6, 0xa0, 0x76, 0xfd, 0x8f, 0x21, 
  0xb6, 0xd8, 0x49, 0x06, 0x36, 0xda, 0xd7, 0xbe, 0xdc, 0x37, 0x7a, 0x9f, 0x9b, 0x7d, 0x0f, 0xc7, 
  0xb3, 0xfe, 0x09, 0x06, 0xaf, 0xaa, 0xf8, 0x58, 0x81, 0xc7, 0xac, 0xfb, 0xb2, 0x5e, 0x03, 0xe9, 
  0xc7, 0x73, 0x8d, 0x22, 0xaa, 0x89, 0xdb, 0x5e, 0x46, 0x7e, 0xc1, 0x76, 0x4f, 0xad, 0x90, 0xff, 
  0x00, 0xe8, 0x9d, 0x33, 0x1b, 0xf5, 0xcb, 0xbf, 0xed, 0xcf, 0x46, 0xee, 0x0f, 0x48, 0x67, 0x4e, 
  0xcd, 0x18, 0x43, 0x1d, 0xf6, 0xf5, 0x3e, 0xa0, 0xcf, 0x56, 0xbc, 0x58, 0x0d, 0xba, 0xbc, 0x69, 
  0xf4, 0xea, 0xa1, 0xc5, 0xa6, 0xc6, 0xf4, 0xf7, 0x67, 0x59, 0xba, 0xdc, 0xfc, 0x9f, 0x57, 0xd6, 
  0xc1, 0xe9, 0xf4, 0xfa, 0x15, 0xfe, 0xbb, 0x72, 0x44, 0x62, 0x00, 0xfe, 0x97, 0x50, 0x00, 0x8c, 
  0x63, 0x2f, 0xde, 0x57, 0xac, 0xd7, 0x46, 0xd5, 0x17, 0xfd, 0x6e, 0xff, 0x00, 0x18, 0x01, 0xd5, 
  0x7a, 0x95, 0xf4, 0xde, 0x8d, 0x5b, 0x85, 0x79, 0x26, 0xb9, 0x21, 0xee, 0x00, 0x39, 0xec, 0x82, 
  0x7d, 0x4b, 0xdd, 0xee, 0xfe, 0x6b, 0xf4, 0x78, 0xec, 0xff, 0x00, 0x09, 0xea, 0xae, 0xdf, 0xa7, 
  0x60, 0x74, 0xcf, 0xab, 0x9d, 0x3a, 0x8e, 0x95, 0x87, 0x63, 0x6b, 0x2f, 0x2e, 0x18, 0xcd, 0xc8, 
  0xb2, 0x1d, 0x6d, 0xc4, 0x6f, 0x77, 0xf9, 0xee, 0xfc, 0xda, 0x59, 0xff, 0x00, 0x5b, 0x54, 0xb1, 
  0x7d, 0x0f, 0xab, 0x3d, 0x31, 0x9d, 0x1b, 0x05, 0xb5, 0xe5, 0xf5, 0x97, 0xd5, 0x66, 0x55, 0x78, 
  0x6d, 0x22, 0x9f, 0x5e, 0xc2, 0x77, 0x5e, 0xea, 0xf7, 0x7b, 0x2b, 0xad, 0xbf, 0xe0, 0xab, 0xfa, 
  0x7e, 0x8d, 0x4b, 0x93, 0xce, 0xca, 0xbf, 0xaf, 0xba, 0xfe, 0x89, 0xd6, 0x7e, 0xcd, 0x99, 0xd6, 
  0xf0, 0x2c, 0x39, 0x3d, 0x3d, 0xd8, 0xe6, 0x29, 0xb0, 0x86, 0xef, 0xcc, 0xe8, 0xbe, 0xab, 0x76, 
  0xb9, 0xb9, 0x0c, 0x67, 0xb3, 0xe9, 0xfa, 0x9b, 0xfd, 0x3b, 0x3f, 0xc0, 0xaa, 0xe6, 0xf2, 0x9a, 
  0x8f, 0xa3, 0x04, 0x4d, 0x88, 0xc7, 0xff, 0x00, 0x4a, 0x7f, 0x5b, 0xfb, 0xcb, 0xc7, 0xa4, 0x6b, 
  0xac, 0x8a, 0xd9, 0xd8, 0xfd, 0x4f, 0xab, 0xf5, 0x1c, 0xa1, 0xea, 0x5f, 0x8b, 0xd6, 0x98, 0xd8, 
  0xea, 0x5d, 0x04, 0xde, 0xe6, 0xd7, 0x93, 0x53, 0x46, 0xcf, 0x5f, 0xa5, 0x5a, 0xfd, 0xf5, 0x3a, 
  0xb7, 0x37, 0xfc, 0x15, 0xb5, 0xd8, 0xbb, 0x1f, 0xa9, 0xdd, 0x11, 0xbd, 0x27, 0xa6, 0x01, 0x5d, 
  0xb9, 0x66, 0x9b, 0xc3, 0x6c, 0xa7, 0x13, 0x37, 0x68, 0x7e, 0x38, 0x23, 0xdd, 0x4e, 0xda, 0xfe, 
  0x86, 0xe7, 0x7f, 0x38, 0xa9, 0x74, 0x0e, 0x85, 0xf6, 0xfa, 0xb1, 0x33, 0xfa, 0x85, 0x8e, 0xcd, 
  0xc5, 0xc7, 0xf4, 0xf2, 0x3a, 0x43, 0xb2, 0x5a, 0xe6, 0x66, 0xd0, 0x48, 0x3b, 0xf1, 0xf2, 0xef, 
  0x69, 0x67, 0xda, 0x2b, 0x67, 0xf2, 0xff, 0x00, 0x9d, 0x5d, 0x62, 0x8f, 0x36, 0x5b, 0x1e, 0xd8, 
  0xd8, 0x6e, 0xba, 0x31, 0xd6, 0xd4, 0x92, 0x49, 0x28, 0x17, 0x3f, 0xff, 0xd6, 0xf5, 0x44, 0x92, 
  0x49, 0x25, 0x29, 0x24, 0x92, 0x49, 0x4a, 0x49, 0x24, 0x92, 0x52, 0xcf, 0x68, 0x7b, 0x1c, 0xc7, 
  0x4c, 0x38, 0x10, 0x60, 0x90, 0x60, 0xf9, 0xb5, 0x65, 0xf4, 0xde, 0x93, 0xf5, 0x73, 0xa6, 0x65, 
  0x7d, 0x9b, 0xa7, 0xe3, 0xe3, 0xd1, 0x98, 0xc6, 0x7a, 0x85, 0x8d, 0xda, 0x6e, 0x15, 0xb8, 0xec, 
  0xf5, 0x09, 0x76, 0xeb, 0xfd, 0x37, 0xbb, 0xf3, 0x96, 0xaa, 0xe1, 0xaf, 0xeb, 0x0e, 0xa7, 0xeb, 
  0xdd, 0x9d, 0x4d, 0xb5, 0x07, 0x74, 0xda, 0x7d, 0x3e, 0x89, 0x95, 0x90, 0x24, 0x96, 0xdd, 0x61, 
  0xfb, 0x53, 0x2c, 0x23, 0xfd, 0x1d, 0x57, 0x16, 0x63, 0xd8, 0xe5, 0x26, 0x38, 0x99, 0x71, 0x00, 
  0x6a, 0x87, 0x17, 0x9a, 0x24, 0x6a, 0xbc, 0xdd, 0x39, 0xfa, 0xaf, 0xd3, 0xec, 0xeb, 0x1d, 0x7b, 
  0x1e, 0x87, 0x66, 0xf5, 0x0c, 0x07, 0xb9, 0xd9, 0xd6, 0x41, 0x7d, 0xcd, 0x78, 0x68, 0xfd, 0x1d, 
  0x2e, 0xc8, 0xda, 0xca, 0xd9, 0x5d, 0x3e, 0xdf, 0xd0, 0xfe, 0x8f, 0xd2, 0x58, 0x9d, 0x57, 0xeb, 
  0x5b, 0xb1, 0x3a, 0xfb, 0xef, 0xa7, 0x27, 0x13, 0xa5, 0xe3, 0x5d, 0x56, 0x2e, 0x43, 0x1f, 0x7d, 
  0x0f, 0xb1, 0xd9, 0xb5, 0x5a, 0xdf, 0xd2, 0x17, 0x65, 0x50, 0x1e, 0xfa, 0xbe, 0xc8, 0xcf, 0xd1, 
  0xd5, 0x5b, 0x3f, 0x3d, 0x5b, 0xe9, 0xf9, 0x0f, 0x3f, 0x5a, 0x3a, 0xcd, 0x2c, 0xe9, 0xd9, 0x96, 
  0xf4, 0xde, 0xae, 0xea, 0xea, 0x7d, 0xc6, 0x92, 0xca, 0xd9, 0x63, 0x1a, 0xfc, 0x6c, 0xa7, 0xd8, 
  0xeb, 0xb6, 0x7e, 0x85, 0xcd, 0xfc, 0xfa, 0xf7, 0xab, 0x5d, 0x37, 0xea, 0xbf, 0x54, 0xb3, 0xea, 
  0xe6, 0x17, 0x4c, 0xcd, 0xcb, 0xb3, 0x07, 0x27, 0xa7, 0xba, 0xca, 0xd9, 0x6d, 0x1e, 0x9d, 0x9e, 
  0xa5, 0x24, 0xbd, 0x95, 0x8b, 0x05, 0xac, 0xb1, 0xbf, 0xcc, 0x3b, 0xfb, 0x0a, 0x61, 0xc1, 0x13, 
  0xeb, 0x3c, 0x56, 0x22, 0x35, 0x3f, 0xa3, 0x28, 0xff, 0x00, 0x85, 0xf2, 0x4b, 0xd2, 0xb7, 0x53, 
  0xb6, 0x8f, 0x31, 0xd7, 0xf0, 0xf2, 0x3a, 0x76, 0x56, 0x2d, 0x78, 0x19, 0x97, 0xdf, 0x84, 0xe0, 
  0xee, 0xa3, 0xd0, 0xb2, 0x1b, 0x51, 0xc9, 0xb3, 0xed, 0x4f, 0x3f, 0xf2, 0x75, 0x79, 0x2d, 0x71, 
  0xb3, 0xec, 0xb7, 0xb5, 0xde, 0xad, 0xbe, 0xa2, 0xec, 0x28, 0xfa, 0xb5, 0x57, 0x54, 0xc9, 0xc1, 
  0xea, 0xfd, 0x52, 0xa7, 0x63, 0x59, 0x4b, 0x45, 0xff, 0x00, 0xb2, 0x9b, 0xb4, 0x55, 0x5e, 0x59, 
  0x3b, 0xed, 0xcb, 0x7b, 0xe8, 0xf7, 0x5d, 0x77, 0xd1, 0xfa, 0x6e, 0x5b, 0x5d, 0x37, 0xa7, 0xe3, 
  0xf4, 0xcc, 0x0a, 0x3a, 0x7e, 0x28, 0x22, 0x8c, 0x66, 0x0a, 0xeb, 0xdc, 0x64, 0xc0, 0xfd, 0xe7, 
  0x7e, 0xf2, 0xb2, 0xa3, 0x9e, 0x72, 0x40, 0x03, 0x4a, 0xb1, 0xc5, 0xfa, 0x52, 0x12, 0x48, 0x8d, 
  0x29, 0x24, 0x92, 0x50, 0xae, 0x52, 0x49, 0x24, 0x92, 0x9f, 0xff, 0xd9, 0x00, 0x38, 0x42, 0x49, 
  0x4d, 0x04, 0x21, 0x00, 0x00, 0x00, 0x00, 0x00, 0x57, 0x00, 0x00, 0x00, 0x01, 0x01, 0x00, 0x00, 
  0x00, 0x0f, 0x00, 0x41, 0x00, 0x64, 0x00, 0x6f, 0x00, 0x62, 0x00, 0x65, 0x00, 0x20, 0x00, 0x50, 
  0x00, 0x68, 0x00, 0x6f, 0x00, 0x74, 0x00, 0x6f, 0x00, 0x73, 0x00, 0x68, 0x00, 0x6f, 0x00, 0x70, 
  0x00, 0x00, 0x00, 0x14, 0x00, 0x41, 0x00, 0x64, 0x00, 0x6f, 0x00, 0x62, 0x00, 0x65, 0x00, 0x20, 
  0x00, 0x50, 0x00, 0x68, 0x00, 0x6f, 0x00, 0x74, 0x00, 0x6f, 0x00, 0x73, 0x00, 0x68, 0x00, 0x6f, 
  0x00, 0x70, 0x00, 0x20, 0x00, 0x32, 0x00, 0x30, 0x00, 0x32, 0x00, 0x34, 0x00, 0x00, 0x00, 0x01, 
  0x00, 0x38, 0x42, 0x49, 0x4d, 0x04, 0x06, 0x00, 0x00, 0x00, 0x00, 0x00, 0x07, 0x00, 0x04, 0x00, 
  0x00, 0x00, 0x01, 0x01, 0x00, 0xff, 0xe1, 0x0d, 0xa6, 0x68, 0x74, 0x74, 0x70, 0x3a, 0x2f, 0x2f, 
  0x6e, 0x73, 0x2e, 0x61, 0x64, 0x6f, 0x62, 0x65, 0x2e, 0x63, 0x6f, 0x6d, 0x2f, 0x78, 0x61, 0x70, 
  0x2f, 0x31, 0x2e, 0x30, 0x2f, 0x00, 0x3c, 0x3f, 0x78, 0x70, 0x61, 0x63, 0x6b, 0x65, 0x74, 0x20, 
  0x62, 0x65, 0x67, 0x69, 0x6e, 0x3d, 0x22, 0xef, 0xbb, 0xbf, 0x22, 0x20, 0x69, 0x64, 0x3d, 0x22, 
  0x57, 0x35, 0x4d, 0x30, 0x4d, 0x70, 0x43, 0x65, 0x68, 0x69, 0x48, 0x7a, 0x72, 0x65, 0x53, 0x7a, 
  0x4e, 0x54, 0x63, 0x7a, 0x6b, 0x63, 0x39, 0x64, 0x22, 0x3f, 0x3e, 0x20, 0x3c, 0x78, 0x3a, 0x78, 
  0x6d, 0x70, 0x6d, 0x65, 0x74, 0x61, 0x20, 0x78, 0x6d, 0x6c, 0x6e, 0x73, 0x3a, 0x78, 0x3d, 0x22, 
  0x61, 0x64, 0x6f, 0x62, 0x65, 0x3a, 0x6e, 0x73, 0x3a, 0x6d, 0x65, 0x74, 0x61, 0x2f, 0x22, 0x20, 
  0x78, 0x3a, 0x78, 0x6d, 0x70, 0x74, 0x6b, 0x3d, 0x22, 0x41, 0x64, 0x6f, 0x62, 0x65, 0x20, 0x58, 
  0x4d, 0x50, 0x20, 0x43, 0x6f, 0x72, 0x65, 0x20, 0x39, 0x2e, 0x31, 0x2d, 0x63, 0x30, 0x30, 0x31, 
  0x20, 0x37, 0x39, 0x2e, 0x31, 0x34, 0x36, 0x32, 0x38, 0x39, 0x39, 0x2c, 0x20, 0x32, 0x30, 0x32, 
  0x33, 0x2f, 0x30, 0x36, 0x2f, 0x32, 0x35, 0x2d, 0x32, 0x30, 0x3a, 0x30, 0x31, 0x3a, 0x35, 0x35, 
  0x20, 0x20, 0x20, 0x20, 0x20, 0x20, 0x20, 0x20, 0x22, 0x3e, 0x20, 0x3c, 0x72, 0x64, 0x66, 0x3a, 
  0x52, 0x44, 0x46, 0x20, 0x78, 0x6d, 0x6c, 0x6e, 0x73, 0x3a, 0x72, 0x64, 0x66, 0x3d, 0x22, 0x68, 
  0x74, 0x74, 0x70, 0x3a, 0x2f, 0x2f, 0x77, 0x77, 0x77, 0x2e, 0x77, 0x33, 0x2e, 0x6f, 0x72, 0x67, 
  0x2f, 0x31, 0x39, 0x39, 0x39, 0x2f, 0x30, 0x32, 0x2f, 0x32, 0x32, 0x2d, 0x72, 0x64, 0x66, 0x2d, 
  0x73, 0x79, 0x6e, 0x74, 0x61, 0x78, 0x2d, 0x6e, 0x73, 0x23, 0x22, 0x3e, 0x20, 0x3c, 0x72, 0x64, 
  0x66, 0x3a, 0x44, 0x65, 0x73, 0x63, 0x72, 0x69, 0x70, 0x74, 0x69, 0x6f, 0x6e, 0x20, 0x72, 0x64, 
  0x66, 0x3a, 0x61, 0x62, 0x6f, 0x75, 0x74, 0x3d, 0x22, 0x22, 0x20, 0x78, 0x6d, 0x6c, 0x6e, 0x73, 
  0x3a, 0x78, 0x6d, 0x70, 0x4d, 0x4d, 0x3d, 0x22, 0x68, 0x74, 0x74, 0x70, 0x3a, 0x2f, 0x2f, 0x6e, 
  0x73, 0x2e, 0x61, 0x64, 0x6f, 0x62, 0x65, 0x2e, 0x63, 0x6f, 0x6d, 0x2f, 0x78, 0x61, 0x70, 0x2f, 
  0x31, 0x2e, 0x30, 0x2f, 0x6d, 0x6d, 0x2f, 0x22, 0x20, 0x78, 0x6d, 0x6c, 0x6e, 0x73, 0x3a, 0x73, 
  0x74, 0x45, 0x76, 0x74, 0x3d, 0x22, 0x68, 0x74, 0x74, 0x70, 0x3a, 0x2f, 0x2f, 0x6e, 0x73, 0x2e, 
  0x61, 0x64, 0x6f, 0x62, 0x65, 0x2e, 0x63, 0x6f, 0x6d, 0x2f, 0x78, 0x61, 0x70, 0x2f, 0x31, 0x2e, 
  0x30, 0x2f, 0x73, 0x54, 0x79, 0x70, 0x65, 0x2f, 0x52, 0x65, 0x73, 0x6f, 0x75, 0x72, 0x63, 0x65, 
  0x45, 0x76, 0x65, 0x6e, 0x74, 0x23, 0x22, 0x20, 0x78, 0x6d, 0x6c, 0x6e, 0x73, 0x3a, 0x64, 0x63, 
  0x3d, 0x22, 0x68, 0x74, 0x74, 0x70, 0x3a, 0x2f, 0x2f, 0x70, 0x75, 0x72, 0x6c, 0x2e, 0x6f, 0x72, 
  0x67, 0x2f, 0x64, 0x63, 0x2f, 0x65, 0x6c, 0x65, 0x6d, 0x65, 0x6e, 0x74, 0x73, 0x2f, 0x31, 0x2e, 
  0x31, 0x2f, 0x22, 0x20, 0x78, 0x6d, 0x6c, 0x6e, 0x73, 0x3a, 0x70, 0x68, 0x6f, 0x74, 0x6f, 0x73, 
  0x68, 0x6f, 0x70, 0x3d, 0x22, 0x68, 0x74, 0x74, 0x70, 0x3a, 0x2f, 0x2f, 0x6e, 0x73, 0x2e, 0x61, 
  0x64, 0x6f, 0x62, 0x65, 0x2e, 0x63, 0x6f, 0x6d, 0x2f, 0x70, 0x68, 0x6f, 0x74, 0x6f, 0x73, 0x68, 
  0x6f, 0x70, 0x2f, 0x31, 0x2e, 0x30, 0x2f, 0x22, 0x20, 0x78, 0x6d, 0x6c, 0x6e, 0x73, 0x3a, 0x78, 
  0x6d, 0x70, 0x3d, 0x22, 0x68, 0x74, 0x74, 0x70, 0x3a, 0x2f, 0x2f, 0x6e, 0x73, 0x2e, 0x61, 0x64, 
  0x6f, 0x62, 0x65, 0x2e, 0x63, 0x6f, 0x6d, 0x2f, 0x78, 0x61, 0x70, 0x2f, 0x31, 0x2e, 0x30, 0x2f, 
  0x22, 0x20, 0x78, 0x6d, 0x70, 0x4d, 0x4d, 0x3a, 0x44, 0x6f, 0x63, 0x75, 0x6d, 0x65, 0x6e, 0x74, 
  0x49, 0x44, 0x3d, 0x22, 0x61, 0x64, 0x6f, 0x62, 0x65, 0x3a, 0x64, 0x6f, 0x63, 0x69, 0x64, 0x3a, 
  0x70, 0x68, 0x6f, 0x74, 0x6f, 0x73, 0x68, 0x6f, 0x70, 0x3a, 0x33, 0x32, 0x39, 0x34, 0x35, 0x63, 
  0x39, 0x62, 0x2d, 0x36, 0x66, 0x35, 0x34, 0x2d, 0x63, 0x63, 0x34, 0x30, 0x2d, 0x61, 0x32, 0x32, 
  0x36, 0x2d, 0x37, 0x37, 0x38, 0x66, 0x62, 0x62, 0x62, 0x31, 0x37, 0x36, 0x65, 0x36, 0x22, 0x20, 
  0x78, 0x6d, 0x70, 0x4d, 0x4d, 0x3a, 0x49, 0x6e, 0x73, 0x74, 0x61, 0x6e, 0x63, 0x65, 0x49, 0x44, 
  0x3d, 0x22, 0x78, 0x6d, 0x70, 0x2e, 0x69, 0x69, 0x64, 0x3a, 0x65, 0x32, 0x30, 0x32, 0x34, 0x62, 
  0x35, 0x32, 0x2d, 0x62, 0x33, 0x65, 0x36, 0x2d, 0x32, 0x63, 0x34, 0x33, 0x2d, 0x39, 0x35, 0x33, 
  0x33, 0x2d, 0x37, 0x61, 0x61, 0x63, 0x65, 0x65, 0x36, 0x38, 0x34, 0x39, 0x65, 0x65, 0x22, 0x20, 
  0x78, 0x6d, 0x70, 0x4d, 0x4d, 0x3a, 0x4f, 0x72, 0x69, 0x67, 0x69, 0x6e, 0x61, 0x6c, 0x44, 0x6f, 
  0x63, 0x75, 0x6d, 0x65, 0x6e, 0x74, 0x49, 0x44, 0x3d, 0x22, 0x41, 0x44, 0x32, 0x46, 0x41, 0x42, 
  0x35, 0x37, 0x37, 0x35, 0x42, 0x30, 0x34, 0x32, 0x37, 0x37, 0x35, 0x30, 0x35, 0x45, 0x31, 0x30, 
  0x34, 0x45, 0x31, 0x38, 0x30, 0x44, 0x32, 0x39, 0x39, 0x30, 0x22, 0x20, 0x64, 0x63, 0x3a, 0x66, 
  0x6f, 0x72, 0x6d, 0x61, 0x74, 0x3d, 0x22, 0x69, 0x6d, 0x61, 0x67, 0x65, 0x2f, 0x6a, 0x70, 0x65, 
  0x67, 0x22, 0x20, 0x70, 0x68, 0x6f, 0x74, 0x6f, 0x73, 0x68, 0x6f, 0x70, 0x3a, 0x43, 0x6f, 0x6c, 
  0x6f, 0x72, 0x4d, 0x6f, 0x64, 0x65, 0x3d, 0x22, 0x33, 0x22, 0x20, 0x78, 0x6d, 0x70, 0x3a, 0x43, 
  0x72, 0x65, 0x61, 0x74, 0x65, 0x44, 0x61, 0x74, 0x65, 0x3d, 0x22, 0x32, 0x30, 0x32, 0x34, 0x2d, 
  0x30, 0x38, 0x2d, 0x32, 0x33, 0x54, 0x31, 0x36, 0x3a, 0x31, 0x36, 0x3a, 0x35, 0x35, 0x2b, 0x30, 
  0x38, 0x3a, 0x30, 0x30, 0x22, 0x20, 0x78, 0x6d, 0x70, 0x3a, 0x4d, 0x65, 0x74, 0x61, 0x64, 0x61, 
  0x74, 0x61, 0x44, 0x61, 0x74, 0x65, 0x3d, 0x22, 0x32, 0x30, 0x32, 0x34, 0x2d, 0x31, 0x31, 0x2d, 
  0x31, 0x32, 0x54, 0x31, 0x36, 0x3a, 0x32, 0x36, 0x3a, 0x34, 0x35, 0x2b, 0x30, 0x38, 0x3a, 0x30, 
  0x30, 0x22, 0x20, 0x78, 0x6d, 0x70, 0x3a, 0x4d, 0x6f, 0x64, 0x69, 0x66, 0x79, 0x44, 0x61, 0x74, 
  0x65, 0x3d, 0x22, 0x32, 0x30, 0x32, 0x34, 0x2d, 0x31, 0x31, 0x2d, 0x31, 0x32, 0x54, 0x31, 0x36, 
  0x3a, 0x32, 0x36, 0x3a, 0x34, 0x35, 0x2b, 0x30, 0x38, 0x3a, 0x30, 0x30, 0x22, 0x3e, 0x20, 0x3c, 
  0x78, 0x6d, 0x70, 0x4d, 0x4d, 0x3a, 0x48, 0x69, 0x73, 0x74, 0x6f, 0x72, 0x79, 0x3e, 0x20, 0x3c, 
  0x72, 0x64, 0x66, 0x3a, 0x53, 0x65, 0x71, 0x3e, 0x20, 0x3c, 0x72, 0x64, 0x66, 0x3a, 0x6c, 0x69, 
  0x20, 0x73, 0x74, 0x45, 0x76, 0x74, 0x3a, 0x61, 0x63, 0x74, 0x69, 0x6f, 0x6e, 0x3d, 0x22, 0x73, 
  0x61, 0x76, 0x65, 0x64, 0x22, 0x20, 0x73, 0x74, 0x45, 0x76, 0x74, 0x3a, 0x69, 0x6e, 0x73, 0x74, 
  0x61, 0x6e, 0x63, 0x65, 0x49, 0x44, 0x3d, 0x22, 0x78, 0x6d, 0x70, 0x2e, 0x69, 0x69, 0x64, 0x3a, 
  0x30, 0x64, 0x61, 0x39, 0x64, 0x39, 0x61, 0x64, 0x2d, 0x39, 0x66, 0x37, 0x36, 0x2d, 0x66, 0x35, 
  0x34, 0x35, 0x2d, 0x61, 0x35, 0x63, 0x38, 0x2d, 0x36, 0x35, 0x39, 0x35, 0x30, 0x34, 0x62, 0x36, 
  0x63, 0x32, 0x37, 0x31, 0x22, 0x20, 0x73, 0x74, 0x45, 0x76, 0x74, 0x3a, 0x77, 0x68, 0x65, 0x6e, 
  0x3d, 0x22, 0x32, 0x30, 0x32, 0x34, 0x2d, 0x31, 0x31, 0x2d, 0x31, 0x32, 0x54, 0x31, 0x36, 0x3a, 
  0x32, 0x36, 0x3a, 0x34, 0x35, 0x2b, 0x30, 0x38, 0x3a, 0x30, 0x30, 0x22, 0x20, 0x73, 0x74, 0x45, 
  0x76, 0x74, 0x3a, 0x73, 0x6f, 0x66, 0x74, 0x77, 0x61, 0x72, 0x65, 0x41, 0x67, 0x65, 0x6e, 0x74, 
  0x3d, 0x22, 0x41, 0x64, 0x6f, 0x62, 0x65, 0x20, 0x50, 0x68, 0x6f, 0x74, 0x6f, 0x73, 0x68, 0x6f, 
  0x70, 0x20, 0x32, 0x35, 0x2e, 0x30, 0x20, 0x28, 0x57, 0x69, 0x6e, 0x64, 0x6f, 0x77, 0x73, 0x29, 
  0x22, 0x20, 0x73, 0x74, 0x45, 0x76, 0x74, 0x3a, 0x63, 0x68, 0x61, 0x6e, 0x67, 0x65, 0x64, 0x3d, 
  0x22, 0x2f, 0x22, 0x2f, 0x3e, 0x20, 0x3c, 0x72, 0x64, 0x66, 0x3a, 0x6c, 0x69, 0x20, 0x73, 0x74, 
  0x45, 0x76, 0x74, 0x3a, 0x61, 0x63, 0x74, 0x69, 0x6f, 0x6e, 0x3d, 0x22, 0x73, 0x61, 0x76, 0x65, 
  0x64, 0x22, 0x20, 0x73, 0x74, 0x45, 0x76, 0x74, 0x3a, 0x69, 0x6e, 0x73, 0x74, 0x61, 0x6e, 0x63, 
  0x65, 0x49, 0x44, 0x3d, 0x22, 0x78, 0x6d, 0x70, 0x2e, 0x69, 0x69, 0x64, 0x3a, 0x65, 0x32, 0x30, 
  0x32, 0x34, 0x62, 0x35, 0x32, 0x2d, 0x62, 0x33, 0x65, 0x36, 0x2d, 0x32, 0x63, 0x34, 0x33, 0x2d, 
  0x39, 0x35, 0x33, 0x33, 0x2d, 0x37, 0x61, 0x61, 0x63, 0x65, 0x65, 0x36, 0x38, 0x34, 0x39, 0x65, 
  0x65, 0x22, 0x20, 0x73, 0x74, 0x45, 0x76, 0x74, 0x3a, 0x77, 0x68, 0x65, 0x6e, 0x3d, 0x22, 0x32, 
  0x30, 0x32, 0x34, 0x2d, 0x31, 0x31, 0x2d, 0x31, 0x32, 0x54, 0x31, 0x36, 0x3a, 0x32, 0x36, 0x3a, 
  0x34, 0x35, 0x2b, 0x30, 0x38, 0x3a, 0x30, 0x30, 0x22, 0x20, 0x73, 0x74, 0x45, 0x76, 0x74, 0x3a, 
  0x73, 0x6f, 0x66, 0x74, 0x77, 0x61, 0x72, 0x65, 0x41, 0x67, 0x65, 0x6e, 0x74, 0x3d, 0x22, 0x41, 
  0x64, 0x6f, 0x62, 0x65, 0x20, 0x50, 0x68, 0x6f, 0x74, 0x6f, 0x73, 0x68, 0x6f, 0x70, 0x20, 0x32, 
  0x35, 0x2e, 0x30, 0x20, 0x28, 0x57, 0x69, 0x6e, 0x64, 0x6f, 0x77, 0x73, 0x29, 0x22, 0x20, 0x73, 
  0x74, 0x45, 0x76, 0x74, 0x3a, 0x63, 0x68, 0x61, 0x6e, 0x67, 0x65, 0x64, 0x3d, 0x22, 0x2f, 0x22, 
  0x2f, 0x3e, 0x20, 0x3c, 0x2f, 0x72, 0x64, 0x66, 0x3a, 0x53, 0x65, 0x71, 0x3e, 0x20, 0x3c, 0x2f, 
  0x78, 0x6d, 0x70, 0x4d, 0x4d, 0x3a, 0x48, 0x69, 0x73, 0x74, 0x6f, 0x72, 0x79, 0x3e, 0x20, 0x3c, 
  0x2f, 0x72, 0x64, 0x66, 0x3a, 0x44, 0x65, 0x73, 0x63, 0x72, 0x69, 0x70, 0x74, 0x69, 0x6f, 0x6e, 
  0x3e, 0x20, 0x3c, 0x2f, 0x72, 0x64, 0x66, 0x3a, 0x52, 0x44, 0x46, 0x3e, 0x20, 0x3c, 0x2f, 0x78, 
  0x3a, 0x78, 0x6d, 0x70, 0x6d, 0x65, 0x74, 0x61, 0x3e, 0x20, 0x20, 0x20, 0x20, 0x20, 0x20, 0x20, 
  0x20, 0x20, 0x20, 0x20, 0x20, 0x20, 0x20, 0x20, 0x20, 0x20, 0x20, 0x20, 0x20, 0x20, 0x20, 0x20, 
  0x20, 0x20, 0x20, 0x20, 0x20, 0x20, 0x20, 0x20, 0x20, 0x20, 0x20, 0x20, 0x20, 0x20, 0x20, 0x20, 
  0x20, 0x20, 0x20, 0x20, 0x20, 0x20, 0x20, 0x20, 0x20, 0x20, 0x20, 0x20, 0x20, 0x20, 0x20, 0x20, 
  0x20, 0x20, 0x20, 0x20, 0x20, 0x20, 0x20, 0x20, 0x20, 0x20, 0x20, 0x20, 0x20, 0x20, 0x20, 0x20, 
  0x20, 0x20, 0x20, 0x20, 0x20, 0x20, 0x20, 0x20, 0x20, 0x20, 0x20, 0x20, 0x20, 0x20, 0x20, 0x20, 
  0x20, 0x20, 0x20, 0x20, 0x20, 0x20, 0x20, 0x20, 0x20, 0x20, 0x20, 0x20, 0x20, 0x20, 0x20, 0x20, 
  0x20, 0x20, 0x20, 0x20, 0x20, 0x20, 0x20, 0x20, 0x20, 0x20, 0x20, 0x20, 0x20, 0x20, 0x20, 0x20, 
  0x20, 0x20, 0x20, 0x20, 0x20, 0x20, 0x20, 0x20, 0x20, 0x20, 0x20, 0x20, 0x20, 0x20, 0x20, 0x20, 
  0x20, 0x20, 0x20, 0x20, 0x20, 0x20, 0x20, 0x20, 0x20, 0x20, 0x20, 0x20, 0x20, 0x20, 0x20, 0x20, 
  0x20, 0x20, 0x20, 0x20, 0x20, 0x20, 0x20, 0x20, 0x20, 0x20, 0x20, 0x20, 0x20, 0x20, 0x20, 0x20, 
  0x20, 0x20, 0x20, 0x20, 0x20, 0x20, 0x20, 0x20, 0x20, 0x20, 0x20, 0x20, 0x20, 0x20, 0x20, 0x20, 
  0x20, 0x20, 0x20, 0x20, 0x20, 0x20, 0x20, 0x20, 0x20, 0x20, 0x20, 0x20, 0x20, 0x20, 0x20, 0x20, 
  0x20, 0x20, 0x20, 0x20, 0x20, 0x20, 0x20, 0x20, 0x20, 0x20, 0x20, 0x20, 0x20, 0x20, 0x20, 0x20, 
  0x20, 0x20, 0x20, 0x20, 0x20, 0x20, 0x20, 0x20, 0x20, 0x20, 0x20, 0x20, 0x20, 0x20, 0x20, 0x20, 
  0x20, 0x20, 0x20, 0x20, 0x20, 0x20, 0x20, 0x20, 0x20, 0x20, 0x20, 0x20, 0x20, 0x20, 0x20, 0x20, 
  0x20, 0x20, 0x20, 0x20, 0x20, 0x20, 0x20, 0x20, 0x20, 0x20, 0x20, 0x20, 0x20, 0x20, 0x20, 0x20, 
  0x20, 0x20, 0x20, 0x20, 0x20, 0x20, 0x20, 0x20, 0x20, 0x20, 0x20, 0x20, 0x20, 0x20, 0x20, 0x20, 
  0x20, 0x20, 0x20, 0x20, 0x20, 0x20, 0x20, 0x20, 0x20, 0x20, 0x20, 0x20, 0x20, 0x20, 0x20, 0x20, 
  0x20, 0x20, 0x20, 0x20, 0x20, 0x20, 0x20, 0x20, 0x20, 0x20, 0x20, 0x20, 0x20, 0x20, 0x20, 0x20, 
  0x20, 0x20, 0x20, 0x20, 0x20, 0x20, 0x20, 0x20, 0x20, 0x20, 0x20, 0x20, 0x20, 0x20, 0x20, 0x20, 
  0x20, 0x20, 0x20, 0x20, 0x20, 0x20, 0x20, 0x20, 0x20, 0x20, 0x20, 0x20, 0x20, 0x20, 0x20, 0x20, 
  0x20, 0x20, 0x20, 0x20, 0x20, 0x20, 0x20, 0x20, 0x20, 0x20, 0x20, 0x20, 0x20, 0x20, 0x20, 0x20, 
  0x20, 0x20, 0x20, 0x20, 0x20, 0x20, 0x20, 0x20, 0x20, 0x20, 0x20, 0x20, 0x20, 0x20, 0x20, 0x20, 
  0x20, 0x20, 0x20, 0x20, 0x20, 0x20, 0x20, 0x20, 0x20, 0x20, 0x20, 0x20, 0x20, 0x20, 0x20, 0x20, 
  0x20, 0x20, 0x20, 0x20, 0x20, 0x20, 0x20, 0x20, 0x20, 0x20, 0x20, 0x20, 0x20, 0x20, 0x20, 0x20, 
  0x20, 0x20, 0x20, 0x20, 0x20, 0x20, 0x20, 0x20, 0x20, 0x20, 0x20, 0x20, 0x20, 0x20, 0x20, 0x20, 
  0x20, 0x20, 0x20, 0x20, 0x20, 0x20, 0x20, 0x20, 0x20, 0x20, 0x20, 0x20, 0x20, 0x20, 0x20, 0x20, 
  0x20, 0x20, 0x20, 0x20, 0x20, 0x20, 0x20, 0x20, 0x20, 0x20, 0x20, 0x20, 0x20, 0x20, 0x20, 0x20, 
  0x20, 0x20, 0x20, 0x20, 0x20, 0x20, 0x20, 0x20, 0x20, 0x20, 0x20, 0x20, 0x20, 0x20, 0x20, 0x20, 
  0x20, 0x20, 0x20, 0x20, 0x20, 0x20, 0x20, 0x20, 0x20, 0x20, 0x20, 0x20, 0x20, 0x20, 0x20, 0x20, 
  0x20, 0x20, 0x20, 0x20, 0x20, 0x20, 0x20, 0x20, 0x20, 0x20, 0x20, 0x20, 0x20, 0x20, 0x20, 0x20, 
  0x20, 0x20, 0x20, 0x20, 0x20, 0x20, 0x20, 0x20, 0x20, 0x20, 0x20, 0x20, 0x20, 0x20, 0x20, 0x20, 
  0x20, 0x20, 0x20, 0x20, 0x20, 0x20, 0x20, 0x20, 0x20, 0x20, 0x20, 0x20, 0x20, 0x20, 0x20, 0x20, 
  0x20, 0x20, 0x20, 0x20, 0x20, 0x20, 0x20, 0x20, 0x20, 0x20, 0x20, 0x20, 0x20, 0x20, 0x20, 0x20, 
  0x20, 0x20, 0x20, 0x20, 0x20, 0x20, 0x20, 0x20, 0x20, 0x20, 0x20, 0x20, 0x20, 0x20, 0x20, 0x20, 
  0x20, 0x20, 0x20, 0x20, 0x20, 0x20, 0x20, 0x20, 0x20, 0x20, 0x20, 0x20, 0x20, 0x20, 0x20, 0x20, 
  0x20, 0x20, 0x20, 0x20, 0x20, 0x20, 0x20, 0x20, 0x20, 0x20, 0x20, 0x20, 0x20, 0x20, 0x20, 0x20, 
  0x20, 0x20, 0x20, 0x20, 0x20, 0x20, 0x20, 0x20, 0x20, 0x20, 0x20, 0x20, 0x20, 0x20, 0x20, 0x20, 
  0x20, 0x20, 0x20, 0x20, 0x20, 0x20, 0x20, 0x20, 0x20, 0x20, 0x20, 0x20, 0x20, 0x20, 0x20, 0x20, 
  0x20, 0x20, 0x20, 0x20, 0x20, 0x20, 0x20, 0x20, 0x20, 0x20, 0x20, 0x20, 0x20, 0x20, 0x20, 0x20, 
  0x20, 0x20, 0x20, 0x20, 0x20, 0x20, 0x20, 0x20, 0x20, 0x20, 0x20, 0x20, 0x20, 0x20, 0x20, 0x20, 
  0x20, 0x20, 0x20, 0x20, 0x20, 0x20, 0x20, 0x20, 0x20, 0x20, 0x20, 0x20, 0x20, 0x20, 0x20, 0x20, 
  0x20, 0x20, 0x20, 0x20, 0x20, 0x20, 0x20, 0x20, 0x20, 0x20, 0x20, 0x20, 0x20, 0x20, 0x20, 0x20, 
  0x20, 0x20, 0x20, 0x20, 0x20, 0x20, 0x20, 0x20, 0x20, 0x20, 0x20, 0x20, 0x20, 0x20, 0x20, 0x20, 
  0x20, 0x20, 0x20, 0x20, 0x20, 0x20, 0x20, 0x20, 0x20, 0x20, 0x20, 0x20, 0x20, 0x20, 0x20, 0x20, 
  0x20, 0x20, 0x20, 0x20, 0x20, 0x20, 0x20, 0x20, 0x20, 0x20, 0x20, 0x20, 0x20, 0x20, 0x20, 0x20, 
  0x20, 0x20, 0x20, 0x20, 0x20, 0x20, 0x20, 0x20, 0x20, 0x20, 0x20, 0x20, 0x20, 0x20, 0x20, 0x20, 
  0x20, 0x20, 0x20, 0x20, 0x20, 0x20, 0x20, 0x20, 0x20, 0x20, 0x20, 0x20, 0x20, 0x20, 0x20, 0x20, 
  0x20, 0x20, 0x20, 0x20, 0x20, 0x20, 0x20, 0x20, 0x20, 0x20, 0x20, 0x20, 0x20, 0x20, 0x20, 0x20, 
  0x20, 0x20, 0x20, 0x20, 0x20, 0x20, 0x20, 0x20, 0x20, 0x20, 0x20, 0x20, 0x20, 0x20, 0x20, 0x20, 
  0x20, 0x20, 0x20, 0x20, 0x20, 0x20, 0x20, 0x20, 0x20, 0x20, 0x20, 0x20, 0x20, 0x20, 0x20, 0x20, 
  0x20, 0x20, 0x20, 0x20, 0x20, 0x20, 0x20, 0x20, 0x20, 0x20, 0x20, 0x20, 0x20, 0x20, 0x20, 0x20, 
  0x20, 0x20, 0x20, 0x20, 0x20, 0x20, 0x20, 0x20, 0x20, 0x20, 0x20, 0x20, 0x20, 0x20, 0x20, 0x20, 
  0x20, 0x20, 0x20, 0x20, 0x20, 0x20, 0x20, 0x20, 0x20, 0x20, 0x20, 0x20, 0x20, 0x20, 0x20, 0x20, 
  0x20, 0x20, 0x20, 0x20, 0x20, 0x20, 0x20, 0x20, 0x20, 0x20, 0x20, 0x20, 0x20, 0x20, 0x20, 0x20, 
  0x20, 0x20, 0x20, 0x20, 0x20, 0x20, 0x20, 0x20, 0x20, 0x20, 0x20, 0x20, 0x20, 0x20, 0x20, 0x20, 
  0x20, 0x20, 0x20, 0x20, 0x20, 0x20, 0x20, 0x20, 0x20, 0x20, 0x20, 0x20, 0x20, 0x20, 0x20, 0x20, 
  0x20, 0x20, 0x20, 0x20, 0x20, 0x20, 0x20, 0x20, 0x20, 0x20, 0x20, 0x20, 0x20, 0x20, 0x20, 0x20, 
  0x20, 0x20, 0x20, 0x20, 0x20, 0x20, 0x20, 0x20, 0x20, 0x20, 0x20, 0x20, 0x20, 0x20, 0x20, 0x20, 
  0x20, 0x20, 0x20, 0x20, 0x20, 0x20, 0x20, 0x20, 0x20, 0x20, 0x20, 0x20, 0x20, 0x20, 0x20, 0x20, 
  0x20, 0x20, 0x20, 0x20, 0x20, 0x20, 0x20, 0x20, 0x20, 0x20, 0x20, 0x20, 0x20, 0x20, 0x20, 0x20, 
  0x20, 0x20, 0x20, 0x20, 0x20, 0x20, 0x20, 0x20, 0x20, 0x20, 0x20, 0x20, 0x20, 0x20, 0x20, 0x20, 
  0x20, 0x20, 0x20, 0x20, 0x20, 0x20, 0x20, 0x20, 0x20, 0x20, 0x20, 0x20, 0x20, 0x20, 0x20, 0x20, 
  0x20, 0x20, 0x20, 0x20, 0x20, 0x20, 0x20, 0x20, 0x20, 0x20, 0x20, 0x20, 0x20, 0x20, 0x20, 0x20, 
  0x20, 0x20, 0x20, 0x20, 0x20, 0x20, 0x20, 0x20, 0x20, 0x20, 0x20, 0x20, 0x20, 0x20, 0x20, 0x20, 
  0x20, 0x20, 0x20, 0x20, 0x20, 0x20, 0x20, 0x20, 0x20, 0x20, 0x20, 0x20, 0x20, 0x20, 0x20, 0x20, 
  0x20, 0x20, 0x20, 0x20, 0x20, 0x20, 0x20, 0x20, 0x20, 0x20, 0x20, 0x20, 0x20, 0x20, 0x20, 0x20, 
  0x20, 0x20, 0x20, 0x20, 0x20, 0x20, 0x20, 0x20, 0x20, 0x20, 0x20, 0x20, 0x20, 0x20, 0x20, 0x20, 
  0x20, 0x20, 0x20, 0x20, 0x20, 0x20, 0x20, 0x20, 0x20, 0x20, 0x20, 0x20, 0x20, 0x20, 0x20, 0x20, 
  0x20, 0x20, 0x20, 0x20, 0x20, 0x20, 0x20, 0x20, 0x20, 0x20, 0x20, 0x20, 0x20, 0x20, 0x20, 0x20, 
  0x20, 0x20, 0x20, 0x20, 0x20, 0x20, 0x20, 0x20, 0x20, 0x20, 0x20, 0x20, 0x20, 0x20, 0x20, 0x20, 
  0x20, 0x20, 0x20, 0x20, 0x20, 0x20, 0x20, 0x20, 0x20, 0x20, 0x20, 0x20, 0x20, 0x20, 0x20, 0x20, 
  0x20, 0x20, 0x20, 0x20, 0x20, 0x20, 0x20, 0x20, 0x20, 0x20, 0x20, 0x20, 0x20, 0x20, 0x20, 0x20, 
  0x20, 0x20, 0x20, 0x20, 0x20, 0x20, 0x20, 0x20, 0x20, 0x20, 0x20, 0x20, 0x20, 0x20, 0x20, 0x20, 
  0x20, 0x20, 0x20, 0x20, 0x20, 0x20, 0x20, 0x20, 0x20, 0x20, 0x20, 0x20, 0x20, 0x20, 0x20, 0x20, 
  0x20, 0x20, 0x20, 0x20, 0x20, 0x20, 0x20, 0x20, 0x20, 0x20, 0x20, 0x20, 0x20, 0x20, 0x20, 0x20, 
  0x20, 0x20, 0x20, 0x20, 0x20, 0x20, 0x20, 0x20, 0x20, 0x20, 0x20, 0x20, 0x20, 0x20, 0x20, 0x20, 
  0x20, 0x20, 0x20, 0x20, 0x20, 0x20, 0x20, 0x20, 0x20, 0x20, 0x20, 0x20, 0x20, 0x20, 0x20, 0x20, 
  0x20, 0x20, 0x20, 0x20, 0x20, 0x20, 0x20, 0x20, 0x20, 0x20, 0x20, 0x20, 0x20, 0x20, 0x20, 0x20, 
  0x20, 0x20, 0x20, 0x20, 0x20, 0x20, 0x20, 0x20, 0x20, 0x20, 0x20, 0x20, 0x20, 0x20, 0x20, 0x20, 
  0x20, 0x20, 0x20, 0x20, 0x20, 0x20, 0x20, 0x20, 0x20, 0x20, 0x20, 0x20, 0x20, 0x20, 0x20, 0x20, 
  0x20, 0x20, 0x20, 0x20, 0x20, 0x20, 0x20, 0x20, 0x20, 0x20, 0x20, 0x20, 0x20, 0x20, 0x20, 0x20, 
  0x20, 0x20, 0x20, 0x20, 0x20, 0x20, 0x20, 0x20, 0x20, 0x20, 0x20, 0x20, 0x20, 0x20, 0x20, 0x20, 
  0x20, 0x20, 0x20, 0x20, 0x20, 0x20, 0x20, 0x20, 0x20, 0x20, 0x20, 0x20, 0x20, 0x20, 0x20, 0x20, 
  0x20, 0x20, 0x20, 0x20, 0x20, 0x20, 0x20, 0x20, 0x20, 0x20, 0x20, 0x20, 0x20, 0x20, 0x20, 0x20, 
  0x20, 0x20, 0x20, 0x20, 0x20, 0x20, 0x20, 0x20, 0x20, 0x20, 0x20, 0x20, 0x20, 0x20, 0x20, 0x20, 
  0x20, 0x20, 0x20, 0x20, 0x20, 0x20, 0x20, 0x20, 0x20, 0x20, 0x20, 0x20, 0x20, 0x20, 0x20, 0x20, 
  0x20, 0x20, 0x20, 0x20, 0x20, 0x20, 0x20, 0x20, 0x20, 0x20, 0x20, 0x20, 0x20, 0x20, 0x20, 0x20, 
  0x20, 0x20, 0x20, 0x20, 0x20, 0x20, 0x20, 0x20, 0x20, 0x20, 0x20, 0x20, 0x20, 0x20, 0x20, 0x20, 
  0x20, 0x20, 0x20, 0x20, 0x20, 0x20, 0x20, 0x20, 0x20, 0x20, 0x20, 0x20, 0x20, 0x20, 0x20, 0x20, 
  0x20, 0x20, 0x20, 0x20, 0x20, 0x20, 0x20, 0x20, 0x20, 0x20, 0x20, 0x20, 0x20, 0x20, 0x20, 0x20, 
  0x20, 0x20, 0x20, 0x20, 0x20, 0x20, 0x20, 0x20, 0x20, 0x20, 0x20, 0x20, 0x20, 0x20, 0x20, 0x20, 
  0x20, 0x20, 0x20, 0x20, 0x20, 0x20, 0x20, 0x20, 0x20, 0x20, 0x20, 0x20, 0x20, 0x20, 0x20, 0x20, 
  0x20, 0x20, 0x20, 0x20, 0x20, 0x20, 0x20, 0x20, 0x20, 0x20, 0x20, 0x20, 0x20, 0x20, 0x20, 0x20, 
  0x20, 0x20, 0x20, 0x20, 0x20, 0x20, 0x20, 0x20, 0x20, 0x20, 0x20, 0x20, 0x20, 0x20, 0x20, 0x20, 
  0x20, 0x20, 0x20, 0x20, 0x20, 0x20, 0x20, 0x20, 0x20, 0x20, 0x20, 0x20, 0x20, 0x20, 0x20, 0x20, 
  0x20, 0x20, 0x20, 0x20, 0x20, 0x20, 0x20, 0x20, 0x20, 0x20, 0x20, 0x20, 0x20, 0x20, 0x20, 0x20, 
  0x20, 0x20, 0x20, 0x20, 0x20, 0x20, 0x20, 0x20, 0x20, 0x20, 0x20, 0x20, 0x20, 0x20, 0x20, 0x20, 
  0x20, 0x20, 0x20, 0x20, 0x20, 0x20, 0x20, 0x20, 0x20, 0x20, 0x20, 0x20, 0x20, 0x20, 0x20, 0x20, 
  0x20, 0x20, 0x20, 0x20, 0x20, 0x20, 0x20, 0x20, 0x20, 0x20, 0x20, 0x20, 0x20, 0x20, 0x20, 0x20, 
  0x20, 0x20, 0x20, 0x20, 0x20, 0x20, 0x20, 0x20, 0x20, 0x20, 0x20, 0x20, 0x20, 0x20, 0x20, 0x20, 
  0x20, 0x20, 0x20, 0x20, 0x20, 0x20, 0x20, 0x20, 0x20, 0x20, 0x20, 0x20, 0x20, 0x20, 0x20, 0x20, 
  0x20, 0x20, 0x20, 0x20, 0x20, 0x20, 0x20, 0x20, 0x20, 0x20, 0x20, 0x20, 0x20, 0x20, 0x20, 0x20, 
  0x20, 0x20, 0x20, 0x20, 0x20, 0x20, 0x20, 0x20, 0x20, 0x20, 0x20, 0x20, 0x20, 0x20, 0x20, 0x20, 
  0x20, 0x20, 0x20, 0x20, 0x20, 0x20, 0x20, 0x20, 0x20, 0x20, 0x20, 0x20, 0x20, 0x20, 0x20, 0x20, 
  0x20, 0x20, 0x20, 0x20, 0x20, 0x20, 0x20, 0x20, 0x20, 0x20, 0x20, 0x20, 0x20, 0x20, 0x20, 0x20, 
  0x20, 0x20, 0x20, 0x20, 0x20, 0x20, 0x20, 0x20, 0x20, 0x20, 0x20, 0x20, 0x20, 0x20, 0x20, 0x20, 
  0x20, 0x20, 0x20, 0x20, 0x20, 0x20, 0x20, 0x20, 0x20, 0x20, 0x20, 0x20, 0x20, 0x20, 0x20, 0x20, 
  0x20, 0x20, 0x20, 0x20, 0x20, 0x20, 0x20, 0x20, 0x20, 0x20, 0x20, 0x20, 0x20, 0x20, 0x20, 0x20, 
  0x20, 0x20, 0x20, 0x20, 0x20, 0x20, 0x20, 0x20, 0x20, 0x20, 0x20, 0x20, 0x20, 0x20, 0x20, 0x20, 
  0x20, 0x20, 0x20, 0x20, 0x20, 0x20, 0x20, 0x20, 0x20, 0x20, 0x20, 0x20, 0x20, 0x20, 0x20, 0x20, 
  0x20, 0x20, 0x20, 0x20, 0x20, 0x20, 0x20, 0x20, 0x20, 0x20, 0x20, 0x20, 0x20, 0x20, 0x20, 0x20, 
  0x20, 0x20, 0x20, 0x20, 0x20, 0x20, 0x20, 0x20, 0x20, 0x20, 0x20, 0x20, 0x20, 0x20, 0x20, 0x20, 
  0x20, 0x20, 0x20, 0x20, 0x20, 0x20, 0x20, 0x20, 0x20, 0x20, 0x20, 0x20, 0x20, 0x20, 0x20, 0x20, 
  0x20, 0x20, 0x20, 0x20, 0x20, 0x20, 0x20, 0x20, 0x20, 0x20, 0x20, 0x20, 0x20, 0x20, 0x20, 0x20, 
  0x20, 0x20, 0x20, 0x20, 0x20, 0x20, 0x20, 0x20, 0x20, 0x20, 0x20, 0x20, 0x20, 0x20, 0x20, 0x20, 
  0x20, 0x20, 0x20, 0x20, 0x20, 0x20, 0x20, 0x20, 0x20, 0x20, 0x20, 0x20, 0x20, 0x20, 0x20, 0x20, 
  0x20, 0x20, 0x20, 0x20, 0x20, 0x20, 0x20, 0x20, 0x20, 0x20, 0x20, 0x20, 0x20, 0x20, 0x20, 0x20, 
  0x20, 0x20, 0x20, 0x20, 0x20, 0x20, 0x20, 0x20, 0x20, 0x20, 0x20, 0x20, 0x20, 0x20, 0x20, 0x20, 
  0x20, 0x20, 0x20, 0x20, 0x20, 0x20, 0x20, 0x20, 0x20, 0x20, 0x20, 0x20, 0x20, 0x20, 0x20, 0x20, 
  0x20, 0x20, 0x20, 0x20, 0x20, 0x20, 0x20, 0x20, 0x20, 0x20, 0x20, 0x20, 0x20, 0x20, 0x20, 0x20, 
  0x20, 0x20, 0x20, 0x20, 0x20, 0x20, 0x20, 0x20, 0x20, 0x20, 0x20, 0x20, 0x20, 0x20, 0x20, 0x20, 
  0x20, 0x20, 0x20, 0x20, 0x20, 0x20, 0x20, 0x20, 0x20, 0x20, 0x20, 0x20, 0x20, 0x20, 0x20, 0x20, 
  0x20, 0x20, 0x20, 0x20, 0x20, 0x20, 0x20, 0x20, 0x20, 0x20, 0x20, 0x20, 0x20, 0x20, 0x20, 0x20, 
  0x20, 0x20, 0x20, 0x20, 0x20, 0x20, 0x20, 0x20, 0x20, 0x20, 0x20, 0x20, 0x20, 0x20, 0x20, 0x20, 
  0x20, 0x20, 0x20, 0x20, 0x20, 0x20, 0x20, 0x20, 0x20, 0x20, 0x20, 0x20, 0x20, 0x20, 0x20, 0x20, 
  0x20, 0x20, 0x20, 0x20, 0x20, 0x20, 0x20, 0x20, 0x20, 0x20, 0x20, 0x20, 0x20, 0x20, 0x20, 0x20, 
  0x20, 0x20, 0x20, 0x20, 0x20, 0x20, 0x20, 0x20, 0x20, 0x20, 0x3c, 0x3f, 0x78, 0x70, 0x61, 0x63, 
  0x6b, 0x65, 0x74, 0x20, 0x65, 0x6e, 0x64, 0x3d, 0x22, 0x77, 0x22, 0x3f, 0x3e, 0xff, 0xee, 0x00, 
  0x0e, 0x41, 0x64, 0x6f, 0x62, 0x65, 0x00, 0x64, 0x00, 0x00, 0x00, 0x00, 0x01, 0xff, 0xdb, 0x00, 
  0x84, 0x00, 0x06, 0x04, 0x04, 0x04, 0x05, 0x04, 0x06, 0x05, 0x05, 0x06, 0x09, 0x06, 0x05, 0x06, 
  0x09, 0x0b, 0x08, 0x06, 0x06, 0x08, 0x0b, 0x0c, 0x0a, 0x0a, 0x0b, 0x0a, 0x0a, 0x0c, 0x10, 0x0c, 
  0x0c, 0x0c, 0x0c, 0x0c, 0x0c, 0x10, 0x0c, 0x0c, 0x0c, 0x0c, 0x0c, 0x0c, 0x0c, 0x0c, 0x0c, 0x0c, 
  0x0c, 0x0c, 0x0c, 0x0c, 0x0c, 0x0c, 0x0c, 0x0c, 0x0c, 0x0c, 0x0c, 0x0c, 0x0c, 0x0c, 0x0c, 0x0c, 
  0x0c, 0x0c, 0x01, 0x07, 0x07, 0x07, 0x0d, 0x0c, 0x0d, 0x18, 0x10, 0x10, 0x18, 0x14, 0x0e, 0x0e, 
  0x0e, 0x14, 0x14, 0x0e, 0x0e, 0x0e, 0x0e, 0x14, 0x11, 0x0c, 0x0c, 0x0c, 0x0c, 0x0c, 0x11, 0x11, 
  0x0c, 0x0c, 0x0c, 0x0c, 0x0c, 0x0c, 0x11, 0x0c, 0x0c, 0x0c, 0x0c, 0x0c, 0x0c, 0x0c, 0x0c, 0x0c, 
  0x0c, 0x0c, 0x0c, 0x0c, 0x0c, 0x0c, 0x0c, 0x0c, 0x0c, 0x0c, 0x0c, 0x0c, 0x0c, 0x0c, 0x0c, 0x0c, 
  0x0c, 0x0c, 0x0c, 0xff, 0xc0, 0x00, 0x11, 0x08, 0x00, 0x80, 0x00, 0x80, 0x03, 0x01, 0x11, 0x00, 
  0x02, 0x11, 0x01, 0x03, 0x11, 0x01, 0xff, 0xdd, 0x00, 0x04, 0x00, 0x10, 0xff, 0xc4, 0x01, 0xa2, 
  0x00, 0x00, 0x00, 0x07, 0x01, 0x01, 0x01, 0x01, 0x01, 0x00, 0x00, 0x00, 0x00, 0x00, 0x00, 0x00, 
  0x00, 0x04, 0x05, 0x03, 0x02, 0x06, 0x01, 0x00, 0x07, 0x08, 0x09, 0x0a, 0x0b, 0x01, 0x00, 0x02, 
  0x02, 0x03, 0x01, 0x01, 0x01, 0x01, 0x01, 0x00, 0x00, 0x00, 0x00, 0x00, 0x00, 0x00, 0x01, 0x00, 
  0x02, 0x03, 0x04, 0x05, 0x06, 0x07, 0x08, 0x09, 0x0a, 0x0b, 0x10, 0x00, 0x02, 0x01, 0x03, 0x03, 
  0x02, 0x04, 0x02, 0x06, 0x07, 0x03, 0x04, 0x02, 0x06, 0x02, 0x73, 0x01, 0x02, 0x03, 0x11, 0x04, 
  0x00, 0x05, 0x21, 0x12, 0x31, 0x41, 0x51, 0x06, 0x13, 0x61, 0x22, 0x71, 0x81, 0x14, 0x32, 0x91, 
  0xa1, 0x07, 0x15, 0xb1, 0x42, 0x23, 0xc1, 0x52, 0xd1, 0xe1, 0x33, 0x16, 0x62, 0xf0, 0x24, 0x72, 
  0x82, 0xf1, 0x25, 0x43, 0x34, 0x53, 0x92, 0xa2, 0xb2, 0x63, 0x73, 0xc2, 0x35, 0x44, 0x27, 0x93, 
  0xa3, 0xb3, 0x36, 0x17, 0x54, 0x64, 0x74, 0xc3, 0xd2, 0xe2, 0x08, 0x26, 0x83, 0x09, 0x0a, 0x18, 
  0x19, 0x84, 0x94, 0x45, 0x46, 0xa4, 0xb4, 0x56, 0xd3, 0x55, 0x28, 0x1a, 0xf2, 0xe3, 0xf3, 0xc4, 
  0xd4, 0xe4, 0xf4, 0x65, 0x75, 0x85, 0x95, 0xa5, 0xb5, 0xc5, 0xd5, 0xe5, 0xf5, 0x66, 0x76, 0x86, 
  0x96, 0xa6, 0xb6, 0xc6, 0xd6, 0xe6, 0xf6, 0x37, 0x47, 0x57, 0x67, 0x77, 0x87, 0x97, 0xa7, 0xb7, 
  0xc7, 0xd7, 0xe7, 0xf7, 0x38, 0x48, 0x58, 0x68, 0x78, 0x88, 0x98, 0xa8, 0xb8, 0xc8, 0xd8, 0xe8, 
  0xf8, 0x29, 0x39, 0x49, 0x59, 0x69, 0x79, 0x89, 0x99, 0xa9, 0xb9, 0xc9, 0xd9, 0xe9, 0xf9, 0x2a, 
  0x3a, 0x4a, 0x5a, 0x6a, 0x7a, 0x8a, 0x9a, 0xaa, 0xba, 0xca, 0xda, 0xea, 0xfa, 0x11, 0x00, 0x02, 
  0x02, 0x01, 0x02, 0x03, 0x05, 0x05, 0x04, 0x05, 0x06, 0x04, 0x08, 0x03, 0x03, 0x6d, 0x01, 0x00, 
  0x02, 0x11, 0x03, 0x04, 0x21, 0x12, 0x31, 0x41, 0x05, 0x51, 0x13, 0x61, 0x22, 0x06, 0x71, 0x81, 
  0x91, 0x32, 0xa1, 0xb1, 0xf0, 0x14, 0xc1, 0xd1, 0xe1, 0x23, 0x42, 0x15, 0x52, 0x62, 0x72, 0xf1, 
  0x33, 0x24, 0x34, 0x43, 0x82, 0x16, 0x92, 0x53, 0x25, 0xa2, 0x63, 0xb2, 0xc2, 0x07, 0x73, 0xd2, 
  0x35, 0xe2, 0x44, 0x83, 0x17, 0x54, 0x93, 0x08, 0x09, 0x0a, 0x18, 0x19, 0x26, 0x36, 0x45, 0x1a, 
  0x27, 0x64, 0x74, 0x55, 0x37, 0xf2, 0xa3, 0xb3, 0xc3, 0x28, 0x29, 0xd3, 0xe3, 0xf3, 0x84, 0x94, 
  0xa4, 0xb4, 0xc4, 0xd4, 0xe4, 0xf4, 0x65, 0x75, 0x85, 0x95, 0xa5, 0xb5, 0xc5, 0xd5, 0xe5, 0xf5, 
  0x46, 0x56, 0x66, 0x76, 0x86, 0x96, 0xa6, 0xb6, 0xc6, 0xd6, 0xe6, 0xf6, 0x47, 0x57, 0x67, 0x77, 
  0x87, 0x97, 0xa7, 0xb7, 0xc7, 0xd7, 0xe7, 0xf7, 0x38, 0x48, 0x58, 0x68, 0x78, 0x88, 0x98, 0xa8, 
  0xb8, 0xc8, 0xd8, 0xe8, 0xf8, 0x39, 0x49, 0x59, 0x69, 0x79, 0x89, 0x99, 0xa9, 0xb9, 0xc9, 0xd9, 
  0xe9, 0xf9, 0x2a, 0x3a, 0x4a, 0x5a, 0x6a, 0x7a, 0x8a, 0x9a, 0xaa, 0xba, 0xca, 0xda, 0xea, 0xfa, 
  0xff, 0xda, 0x00, 0x0c, 0x03, 0x01, 0x00, 0x02, 0x11, 0x03, 0x11, 0x00, 0x3f, 0x00, 0xf5, 0x46, 
  0x2a, 0xec, 0x55, 0xd8, 0xab, 0xb1, 0x57, 0x62, 0xa8, 0x1d, 0x63, 0x5c, 0xd2, 0x74, 0x6d, 0x36, 
  0xe7, 0x53, 0xd5, 0x2e, 0xa3, 0xb4, 0xb0, 0xb3, 0x5e, 0x77, 0x37, 0x12, 0x1f, 0x85, 0x06, 0xc0, 
  0x0d, 0xaa, 0x4b, 0xb1, 0x21, 0x51, 0x17, 0xe3, 0x76, 0x65, 0x55, 0xf8, 0xb2, 0x50, 0x81, 0x91, 
  0xa0, 0x37, 0x41, 0x20, 0x0b, 0x2f, 0x3f, 0xd5, 0x7f, 0x3a, 0x2c, 0xcf, 0x95, 0x6d, 0x75, 0x4d, 
  0x32, 0xdf, 0xea, 0xd7, 0x7a, 0x9c, 0x53, 0xdd, 0xda, 0x7d, 0x7c, 0x1e, 0x16, 0xfa, 0x7c, 0x12, 
  0x7a, 0x5f, 0x5f, 0xba, 0x8e, 0x2a, 0xc9, 0xc2, 0x56, 0x28, 0xb6, 0xb6, 0xa9, 0xfb, 0xfb, 0xb9, 
  0xe5, 0x8a, 0x08, 0xfe, 0x2f, 0x51, 0xa2, 0xcb, 0x8e, 0x8a, 0x5c, 0x44, 0x1f, 0xe1, 0xfe, 0x6f, 
  0xf3, 0xff, 0x00, 0x99, 0xff, 0x00, 0x15, 0xfc, 0xcf, 0xe2, 0x6b, 0x39, 0x05, 0x31, 0xe8, 0x7c, 
  0xef, 0xe6, 0x9d, 0x0f, 0x41, 0x87, 0x46, 0xbd, 0xd4, 0xde, 0x6f, 0x3a, 0xdf, 0xd2, 0xfb, 0x5b, 
  0xbb, 0x9a, 0x2f, 0xac, 0xc9, 0x63, 0xf5, 0xbd, 0xed, 0xac, 0xac, 0xec, 0x22, 0xfe, 0xfa, 0xf8, 
  0xc4, 0x07, 0xa7, 0x68, 0x9f, 0xb8, 0x83, 0xf7, 0x97, 0x37, 0x2f, 0xe8, 0xf1, 0xf5, 0x6e, 0x3a, 
  0x78, 0x4a, 0x5c, 0x40, 0x7e, 0xef, 0xe9, 0x87, 0xf4, 0xf8, 0x7e, 0xb9, 0xcb, 0x27, 0xf3, 0x3f, 
  0xa5, 0xfe, 0x6f, 0xd4, 0xc4, 0x4c, 0x81, 0x47, 0x9a, 0x3f, 0xc8, 0x03, 0xca, 0xba, 0x06, 0xb3, 
  0x7f, 0xaf, 0xf9, 0xaf, 0xcc, 0xb6, 0xc9, 0xe6, 0x5b, 0xd5, 0x16, 0xd0, 0xd9, 0xea, 0x7a, 0xa4, 
  0x17, 0x37, 0x36, 0x56, 0xca, 0x41, 0x31, 0xc8, 0xe1, 0xc4, 0x4b, 0x3c, 0xee, 0x3d, 0x4b, 0x85, 
  0x81, 0x12, 0xde, 0x3f, 0x82, 0x08, 0x7e, 0x08, 0xf9, 0xc8, 0x35, 0x1c, 0x73, 0x88, 0x8c, 0x23, 
  0xe8, 0x1f, 0xcc, 0x87, 0x0c, 0x65, 0xf8, 0xfe, 0x92, 0x63, 0x40, 0xd9, 0x3b, 0xbd, 0x6a, 0xd6, 
  0xee, 0xd6, 0xee, 0xdd, 0x2e, 0x2d, 0x66, 0x8e, 0xe2, 0xde, 0x51, 0x58, 0xe6, 0x89, 0x83, 0xa3, 
  0x0f, 0x15, 0x65, 0x24, 0x1c, 0xd6, 0xd1, 0x1b, 0x16, 0xe5, 0x6c, 0x55, 0xd8, 0xab, 0xb1, 0x57, 
  0x62, 0xae, 0xc5, 0x5d, 0x8a, 0xbf, 0xff, 0xd0, 0xf5, 0x46, 0x2a, 0xec, 0x55, 0xd8, 0xab, 0xb1, 
  0x57, 0x9d, 0x79, 0xb7, 0xf3, 0x4b, 0x4c, 0x6f, 0x2b, 0x0b, 0xbf, 0x2e, 0x5f, 0xc6, 0xad, 0x7d, 
  0x71, 0x75, 0x67, 0x16, 0xac, 0xcb, 0xce, 0x1b, 0x78, 0x6c, 0x03, 0xbd, 0xfd, 0xf2, 0xaf, 0x49, 
  0x92, 0xda, 0x28, 0xa4, 0xf4, 0x7f, 0x62, 0x6b, 0x86, 0x81, 0x3e, 0x24, 0x93, 0x33, 0x31, 0x69, 
  0x65, 0xc7, 0x52, 0x1f, 0x4d, 0x7a, 0x7f, 0xaf, 0xfd, 0xdc, 0x7f, 0xce, 0x6b, 0x94, 0xf6, 0xd9, 
  0xe2, 0x7a, 0x97, 0x9a, 0x34, 0xed, 0x2a, 0x0d, 0x3b, 0xca, 0x5a, 0xed, 0xed, 0xcc, 0x07, 0x46, 
  0xb6, 0xfa, 0xd6, 0xa3, 0x33, 0x86, 0x9e, 0xed, 0x35, 0x1d, 0x4b, 0x95, 0xcd, 0xcc, 0xa0, 0x54, 
  0x89, 0xf5, 0x38, 0x60, 0x9d, 0x6c, 0xed, 0x9a, 0x4e, 0x31, 0x5a, 0x4f, 0x35, 0xcd, 0xe3, 0xff, 
  0x00, 0xbc, 0xf0, 0x2e, 0x6d, 0xa1, 0xa7, 0x9c, 0xee, 0x70, 0x03, 0xd6, 0x78, 0x7f, 0xa1, 0xe1, 
  0xc3, 0xd3, 0xff, 0x00, 0x2a, 0xa5, 0x28, 0xf1, 0x7f, 0x4f, 0x86, 0x2e, 0x2c, 0xa6, 0x07, 0xa6, 
  0x45, 0x8f, 0xdd, 0xf9, 0xb3, 0xce, 0x9a, 0x97, 0x9a, 0xe3, 0xd4, 0x34, 0x5d, 0x39, 0xf4, 0xcb, 
  0x3b, 0x83, 0x02, 0xf9, 0x76, 0xd2, 0xe6, 0x00, 0xd1, 0xc1, 0x6f, 0x62, 0x9e, 0x85, 0xab, 0x43, 
  0xeb, 0x56, 0x39, 0xe4, 0xb5, 0x0d, 0x24, 0x91, 0xfa, 0x7e, 0xbf, 0xa7, 0x34, 0xd2, 0xcb, 0x12, 
  0x7a, 0x9c, 0x5f, 0x32, 0x06, 0x0c, 0x31, 0x85, 0x48, 0xf1, 0x48, 0x7f, 0x79, 0xc2, 0x7e, 0xae, 
  0x3f, 0x54, 0xbf, 0xab, 0xfe, 0xfa, 0x31, 0x60, 0x67, 0x23, 0x2b, 0x03, 0x6f, 0xe1, 0xfc, 0x7f, 
  0x39, 0x10, 0x3c, 0x8b, 0xab, 0x7e, 0x9b, 0xbb, 0xbd, 0xbf, 0xd6, 0xff, 0x00, 0x48, 0x99, 0x94, 
  0xcd, 0xaa, 0xde, 0x05, 0xbe, 0x82, 0xe5, 0x1d, 0xa9, 0xcf, 0xeb, 0xb6, 0xed, 0x09, 0xbd, 0x8e, 
  0xdd, 0x80, 0xa7, 0xd6, 0x16, 0xda, 0x6b, 0x5e, 0x3f, 0xde, 0x70, 0x5c, 0x8c, 0xb5, 0x51, 0xe0, 
  0x00, 0x47, 0x87, 0xf9, 0x9f, 0x47, 0x0f, 0xf9, 0x9f, 0xc3, 0xfe, 0x6f, 0x17, 0x1a, 0x7c, 0x33, 
  0x77, 0x6f, 0x4e, 0xf2, 0x83, 0xf9, 0x72, 0x4f, 0xaa, 0xe8, 0x12, 0x6b, 0xf2, 0xe8, 0x51, 0x5f, 
  0x56, 0x2b, 0x3f, 0xa9, 0x26, 0x83, 0x3d, 0x8d, 0xdb, 0x6e, 0x3d, 0x3b, 0x7b, 0xeb, 0x7b, 0x5f, 
  0xef, 0x48, 0xff, 0x00, 0x74, 0xdc, 0xa4, 0x37, 0x3f, 0xca, 0xaf, 0x9a, 0xdc, 0xfc, 0x5f, 0x57, 
  0x0f, 0x1d, 0x77, 0xf8, 0xbc, 0x71, 0xfe, 0xb4, 0x38, 0xbf, 0xe3, 0xad, 0xd1, 0x1d, 0x2f, 0xfd, 
  0xcb, 0xd5, 0x7c, 0x95, 0xf9, 0x75, 0xe5, 0x3f, 0x26, 0x43, 0x3a, 0x68, 0x36, 0xad, 0x0c, 0x97, 
  0x6d, 0xce, 0xf6, 0xe2, 0x49, 0x1e, 0x49, 0x26, 0x70, 0x49, 0xe4, 0xdc, 0x8f, 0x00, 0x77, 0xfd, 
  0x85, 0x45, 0xcd, 0x7e, 0x7d, 0x44, 0xf2, 0x9b, 0x91, 0xe4, 0xe4, 0x46, 0x02, 0x3c, 0x99, 0x36, 
  0x52, 0xc9, 0xd8, 0xab, 0xb1, 0x57, 0x62, 0xae, 0xc5, 0x5d, 0x8a, 0xbf, 0xff, 0xd1, 0xf5, 0x46, 
  0x2a, 0xec, 0x55, 0xd8, 0xab, 0xca, 0x7c, 0xd5, 0xf9, 0x8b, 0x06, 0xb7, 0x07, 0x99, 0xfc, 0xbb, 
  0x68, 0x5a, 0xce, 0xd6, 0xd7, 0x50, 0xd3, 0xf4, 0x49, 0xb5, 0x65, 0x6a, 0x16, 0x4b, 0xc9, 0x0a, 
  0xdf, 0xbc, 0x75, 0x03, 0x8f, 0xa1, 0x0c, 0x73, 0xc4, 0xae, 0x0f, 0xf7, 0xaa, 0xdf, 0xcb, 0x99, 
  0xf8, 0xb4, 0xe6, 0x1c, 0x33, 0x3b, 0xd8, 0x94, 0xf8, 0x7f, 0xab, 0xfd, 0xdb, 0x44, 0xf2, 0x5d, 
  0x80, 0xf0, 0x4f, 0x36, 0x79, 0xda, 0x1f, 0xaa, 0x79, 0x6a, 0xc7, 0xca, 0xc1, 0x0a, 0x68, 0xb1, 
  0x5d, 0xdf, 0x4d, 0x6d, 0x6f, 0x0f, 0xab, 0x04, 0x32, 0x5f, 0x5d, 0x8b, 0x98, 0x61, 0x2b, 0xc4, 
  0xac, 0x82, 0xd2, 0x35, 0x81, 0x5e, 0xaa, 0xd0, 0xfa, 0xc8, 0xbf, 0x6f, 0x8e, 0x6e, 0xf4, 0xfa, 
  0x5f, 0xa8, 0xe4, 0xdb, 0x8f, 0x86, 0x3f, 0xf2, 0xac, 0x70, 0xff, 0x00, 0xb2, 0xff, 0x00, 0x70, 
  0xe2, 0x64, 0x9f, 0x2e, 0x1f, 0xc7, 0x17, 0xa9, 0x5a, 0xc7, 0xcb, 0x5e, 0x4c, 0xb8, 0xd3, 0x1b, 
  0x53, 0xd6, 0xef, 0xaf, 0x6f, 0xf5, 0xab, 0xa7, 0x37, 0x57, 0x37, 0x7f, 0x5c, 0xd3, 0xa3, 0x2f, 
  0x23, 0x9e, 0x45, 0x3e, 0xa1, 0x33, 0xc9, 0x75, 0x73, 0xcd, 0xab, 0xea, 0x34, 0x9e, 0x8b, 0xc9, 
  0xfb, 0x1c, 0x32, 0x12, 0xd4, 0xe4, 0x07, 0x86, 0x20, 0x46, 0x11, 0xf4, 0xf0, 0xd4, 0xa5, 0xff, 
  0x00, 0x4b, 0x3e, 0x98, 0xa4, 0x46, 0x27, 0x9e, 0xe7, 0xe0, 0xf5, 0x2f, 0x2d, 0x7e, 0x5e, 0xf9, 
  0x83, 0xcd, 0x5a, 0x24, 0x33, 0xd9, 0xea, 0x77, 0x1a, 0x16, 0x9c, 0x18, 0x06, 0xb2, 0xd4, 0xb4, 
  0xcb, 0x8f, 0xde, 0xa8, 0x15, 0x1c, 0xac, 0x6f, 0xae, 0xee, 0xed, 0x1a, 0x36, 0xae, 0xcf, 0x14, 
  0x71, 0x7f, 0x93, 0x9a, 0xec, 0x9a, 0x88, 0xe3, 0x95, 0x11, 0xc6, 0x7f, 0x9d, 0x09, 0xff, 0x00, 
  0xbf, 0x84, 0x21, 0x37, 0x22, 0x38, 0xc9, 0x1c, 0xff, 0x00, 0x1f, 0x36, 0x7a, 0x3f, 0x2a, 0x3f, 
  0x2d, 0xf4, 0xf7, 0xb2, 0xd5, 0x2f, 0xac, 0xa2, 0x8a, 0xfb, 0x4e, 0x65, 0x78, 0x2f, 0xfe, 0xb1, 
  0x71, 0x6c, 0x91, 0x4a, 0x29, 0xf1, 0x44, 0xbe, 0xb7, 0x08, 0x15, 0x98, 0x7f, 0x74, 0x9f, 0x07, 
  0xec, 0xe6, 0x11, 0xd5, 0xe5, 0x20, 0xc4, 0x1d, 0xa5, 0xee, 0xfd, 0x4d, 0xbe, 0x1c, 0x46, 0xea, 
  0x9e, 0x64, 0xb1, 0xfc, 0x9d, 0xfa, 0xd5, 0xf2, 0xf9, 0x82, 0xcb, 0x46, 0x37, 0x96, 0xd6, 0xdf, 
  0xa4, 0x75, 0x0f, 0x5e, 0x08, 0x4c, 0xcb, 0x6d, 0xcb, 0x88, 0xb8, 0x90, 0xf1, 0xe7, 0xc3, 0x9e, 
  0xc1, 0xff, 0x00, 0x9b, 0x1c, 0x73, 0xcc, 0x00, 0xe1, 0x32, 0xaf, 0xa7, 0xfa, 0x2b, 0x28, 0xc6, 
  0xf7, 0x09, 0xbf, 0x97, 0xbc, 0xf9, 0xe4, 0x5d, 0x6c, 0x3d, 0xbe, 0x85, 0xad, 0xd9, 0x5f, 0x1b, 
  0x58, 0x7d, 0x59, 0x62, 0x82, 0x64, 0x66, 0x8e, 0x15, 0xa0, 0xe6, 0xe2, 0xb5, 0x54, 0x1f, 0xcc, 
  0xd9, 0x5e, 0x4c, 0x13, 0x87, 0xd4, 0x0c, 0x59, 0x09, 0x83, 0xc9, 0x3e, 0x8a, 0x68, 0xa6, 0x89, 
  0x65, 0x85, 0xd6, 0x48, 0x9c, 0x72, 0x47, 0x42, 0x19, 0x48, 0x3d, 0xc1, 0x1b, 0x1c, 0xa8, 0xb2, 
  0x5f, 0x8a, 0xbb, 0x15, 0x76, 0x2a, 0xec, 0x55, 0xd8, 0xab, 0xff, 0xd2, 0xf5, 0x46, 0x2a, 0xec, 
  0x55, 0x83, 0xf9, 0xc7, 0xce, 0xf7, 0xba, 0x3f, 0x9e, 0xfc, 0xa3, 0xa2, 0x5b, 0x8e, 0x56, 0x5a, 
  0x9c, 0xd3, 0x0d, 0x5d, 0xb8, 0x83, 0xc2, 0x39, 0x13, 0xd1, 0xb4, 0xdf, 0xf6, 0x79, 0xdd, 0xb2, 
  0x8f, 0xf6, 0x39, 0x95, 0x87, 0x00, 0x96, 0x39, 0xc8, 0xf3, 0x8f, 0xd1, 0xfe, 0xff, 0x00, 0xfd, 
  0x83, 0x5c, 0xe7, 0x44, 0x07, 0xce, 0x57, 0x9a, 0xcd, 0xde, 0xbf, 0x6b, 0x6f, 0xe4, 0x1f, 0x2f, 
  0x59, 0xfd, 0x73, 0x55, 0xd6, 0xa3, 0xd2, 0xe2, 0xbb, 0x98, 0x9d, 0xa3, 0x96, 0xc9, 0xa7, 0xb8, 
  0xb9, 0x24, 0x8d, 0xd5, 0xd6, 0xe6, 0x79, 0x1a, 0x79, 0x5b, 0xe1, 0x48, 0x51, 0x97, 0xed, 0xbe, 
  0x6f, 0xe1, 0x88, 0x63, 0x3e, 0x2c, 0xcd, 0x46, 0x1c, 0x7f, 0xd6, 0xf5, 0xd7, 0x07, 0xfb, 0x18, 
  0xfa, 0x5c, 0x13, 0x23, 0x2f, 0x4c, 0x79, 0x9a, 0x64, 0xbe, 0x56, 0xd0, 0x6f, 0xbc, 0xac, 0xdf, 
  0xa0, 0xec, 0xbc, 0xdb, 0xe5, 0xe4, 0x9a, 0xf6, 0x65, 0x8b, 0xfd, 0xc6, 0x5f, 0xcd, 0x05, 0xe5, 
  0xdd, 0xc5, 0x78, 0xaa, 0xcd, 0x3c, 0x76, 0xd7, 0x13, 0xd2, 0x3e, 0x54, 0x4b, 0x48, 0x24, 0x81, 
  0x23, 0xfb, 0x4d, 0xf6, 0xb9, 0xe6, 0x26, 0xa3, 0x30, 0xcb, 0xeb, 0x31, 0xc9, 0xfe, 0x74, 0x7d, 
  0x11, 0xfe, 0xa4, 0x78, 0xbf, 0xd9, 0x4b, 0x8b, 0x89, 0xbb, 0x1c, 0x6b, 0xd2, 0x08, 0x7b, 0x0e, 
  0x83, 0xa4, 0x9f, 0x20, 0x69, 0x17, 0xfa, 0xff, 0x00, 0x9c, 0x7c, 0xd5, 0x3d, 0xec, 0x41, 0x43, 
  0x4e, 0xf7, 0x27, 0xfd, 0x16, 0xd8, 0x13, 0x40, 0xb0, 0x82, 0x1e, 0xe2, 0x49, 0x0b, 0x37, 0xa7, 
  0xc9, 0xe4, 0x79, 0x25, 0xff, 0x00, 0x7d, 0xe6, 0xb3, 0x24, 0xfc, 0x69, 0x08, 0x63, 0x8d, 0x7f, 
  0x37, 0xf9, 0xdf, 0xe7, 0xff, 0x00, 0x0b, 0x91, 0x11, 0xc2, 0x2c, 0x94, 0x9f, 0xcf, 0x1f, 0x9a, 
  0xb7, 0xb7, 0x9e, 0x47, 0xb1, 0xd7, 0xff, 0x00, 0x2d, 0xee, 0xed, 0xee, 0xe6, 0x9f, 0x57, 0xb6, 
  0xd3, 0x26, 0x17, 0x50, 0xba, 0xf1, 0x79, 0x5b, 0x8f, 0xa3, 0x22, 0xcb, 0xe9, 0xb4, 0x2e, 0x65, 
  0x68, 0xa3, 0x66, 0x65, 0xf8, 0x56, 0x4f, 0xf6, 0x59, 0x66, 0x0d, 0x20, 0x19, 0x0c, 0x72, 0xdc, 
  0x6a, 0x06, 0x6c, 0x67, 0x93, 0x6b, 0x8b, 0x05, 0xfc, 0xd2, 0xbf, 0xd2, 0xfc, 0xf2, 0x9e, 0x4f, 
  0xd7, 0xe2, 0xb0, 0x82, 0x4b, 0x93, 0x7d, 0x71, 0xe5, 0xad, 0x6b, 0x45, 0xd5, 0xa4, 0x92, 0x38, 
  0xac, 0xf5, 0x0b, 0x84, 0x21, 0x12, 0xe4, 0xc6, 0x39, 0xa3, 0x41, 0x3a, 0xb3, 0x47, 0x22, 0xaf, 
  0xef, 0x3e, 0x0c, 0xcc, 0xd1, 0xc0, 0xe2, 0xe3, 0x81, 0xfe, 0x68, 0xcb, 0x19, 0x40, 0x7d, 0x58, 
  0xe1, 0xfc, 0xde, 0x2f, 0x4f, 0xa9, 0x86, 0x43, 0x74, 0x59, 0x37, 0x96, 0x3c, 0xbd, 0x77, 0xe5, 
  0xef, 0xcd, 0x6f, 0x2c, 0xe8, 0x5a, 0xb4, 0xc9, 0xa8, 0xca, 0x3c, 0x98, 0xd6, 0x17, 0x97, 0x05, 
  0x49, 0x8e, 0x53, 0x6b, 0x76, 0x08, 0xa8, 0x6e, 0xaa, 0x14, 0xf1, 0x1c, 0xf2, 0x8c, 0xb9, 0xc4, 
  0xf0, 0x48, 0x8d, 0xbf, 0x7d, 0xc7, 0xfe, 0xc5, 0x94, 0x61, 0x52, 0xff, 0x00, 0x37, 0x85, 0x80, 
  0x5a, 0x6a, 0x96, 0x96, 0xdf, 0x95, 0xb6, 0x3a, 0x55, 0xbd, 0x84, 0xa7, 0x53, 0xf3, 0xa6, 0xa5, 
  0xa8, 0xb6, 0xa7, 0x36, 0x9f, 0x6b, 0xea, 0x5f, 0xae, 0x87, 0x05, 0xeb, 0x1b, 0xae, 0x08, 0x80, 
  0x48, 0x55, 0x82, 0x88, 0x51, 0x0f, 0xc1, 0xc5, 0x9f, 0xf9, 0x33, 0x30, 0x8b, 0xce, 0x49, 0x96, 
  0xd8, 0x63, 0x1e, 0x0e, 0x39, 0x7e, 0xef, 0xc5, 0xe1, 0xf4, 0x35, 0xdd, 0x44, 0x50, 0xfa, 0x99, 
  0x27, 0x95, 0xb5, 0xbd, 0x56, 0xe7, 0xf2, 0xe7, 0xf2, 0xc3, 0xca, 0x7a, 0x0d, 0xdc, 0xd6, 0x37, 
  0x7a, 0xcd, 0xfc, 0xed, 0x3d, 0xcd, 0xbb, 0xf1, 0x96, 0x3d, 0x37, 0x4c, 0xb8, 0x95, 0xa7, 0xdc, 
  0x74, 0xe4, 0x3d, 0x38, 0xcf, 0x2f, 0x87, 0xed, 0x26, 0x51, 0x9f, 0x14, 0x46, 0x6c, 0xb2, 0x90, 
  0xda, 0x03, 0xfe, 0x96, 0x64, 0xae, 0x1f, 0xf3, 0x53, 0x09, 0x13, 0x18, 0xf9, 0xbe, 0x86, 0xcd, 
  0x28, 0x72, 0x9d, 0x85, 0x5d, 0x8a, 0xbb, 0x15, 0x76, 0x2a, 0xff, 0x00, 0xff, 0xd3, 0xf5, 0x46, 
  0x2a, 0xd3, 0xba, 0xa2, 0x17, 0x63, 0x45, 0x50, 0x4b, 0x13, 0xd8, 0x0d, 0xce, 0x2a, 0xf9, 0x9f, 
  0xcd, 0x9f, 0x99, 0xed, 0x73, 0x65, 0xa1, 0xf9, 0xde, 0xee, 0xce, 0x97, 0x72, 0xc9, 0xf5, 0x26, 
  0xb1, 0x40, 0xca, 0xa9, 0x73, 0xa5, 0x6a, 0x51, 0xdf, 0x42, 0x19, 0x9b, 0xa0, 0x9e, 0xd5, 0x92, 
  0x6f, 0xf5, 0x73, 0x7b, 0x83, 0x47, 0xbc, 0xb1, 0x83, 0xfe, 0x77, 0xf4, 0x72, 0x47, 0x83, 0xfd, 
  0x8c, 0xbd, 0x2e, 0x14, 0xf2, 0x6d, 0xc4, 0xc5, 0xfc, 0xb7, 0xe5, 0xd8, 0xa2, 0xd1, 0x2e, 0x3c, 
  0xcd, 0xae, 0x6a, 0xf7, 0x30, 0x5f, 0xeb, 0xc9, 0x26, 0xa1, 0xa8, 0x68, 0xd6, 0x16, 0xf0, 0x51, 
  0xb4, 0xe9, 0x26, 0x32, 0x2c, 0xd7, 0xb7, 0x17, 0x0d, 0x1c, 0x36, 0x96, 0x97, 0x53, 0x0e, 0x49, 
  0x0c, 0x9f, 0xef, 0x4a, 0xfa, 0x6b, 0x1c, 0x77, 0x3f, 0xdd, 0xe6, 0x4e, 0xa7, 0x37, 0xa8, 0x63, 
  0x8c, 0x47, 0x0e, 0x2f, 0x44, 0x65, 0x23, 0x2f, 0xaf, 0xfa, 0x11, 0x8f, 0xaa, 0x53, 0x8f, 0xfb, 
  0x0f, 0xe8, 0xa3, 0x1c, 0x3a, 0x9e, 0xaf, 0x7c, 0xfc, 0xa5, 0xf2, 0xa5, 0x92, 0xe8, 0xf6, 0x5e, 
  0x65, 0xbf, 0xd2, 0x66, 0xb2, 0xd6, 0x6e, 0x23, 0x65, 0xb3, 0x8e, 0xfa, 0x54, 0x96, 0x7b, 0x6b, 
  0x46, 0x3f, 0x02, 0x24, 0x51, 0x45, 0x6f, 0x6d, 0x66, 0x64, 0x4f, 0x8d, 0xe2, 0xb7, 0x81, 0x3e, 
  0xd7, 0x09, 0x5d, 0x9b, 0x34, 0xba, 0xbc, 0xa7, 0x88, 0xc0, 0x10, 0x63, 0xfd, 0x1f, 0xe2, 0x97, 
  0xf9, 0xdc, 0x53, 0x97, 0xf9, 0xd2, 0x72, 0xb1, 0xc7, 0x6b, 0x4f, 0x3f, 0x33, 0x3c, 0x9d, 0x27, 
  0x9b, 0xfc, 0x9f, 0x79, 0xa3, 0xdb, 0xdc, 0x7d, 0x52, 0xff, 0x00, 0x94, 0x77, 0x3a, 0x6d, 0xd1, 
  0x15, 0x58, 0xee, 0xad, 0x9c, 0x4b, 0x09, 0x61, 0x43, 0xf0, 0x17, 0x5e, 0x2f, 0xb7, 0xd9, 0x6c, 
  0xab, 0x4d, 0x9f, 0xc2, 0x98, 0x95, 0x58, 0xfe, 0x2f, 0xea, 0xc9, 0x39, 0x23, 0xc4, 0x29, 0xe6, 
  0x1a, 0x96, 0x99, 0xf9, 0xa3, 0xf9, 0x91, 0x23, 0x79, 0x77, 0x55, 0xd2, 0x67, 0xf2, 0xad, 0x8c, 
  0x76, 0x12, 0x45, 0xad, 0x4f, 0x32, 0xc5, 0x25, 0x9c, 0x9a, 0x92, 0xcd, 0x1c, 0x90, 0x5d, 0x59, 
  0xfa, 0x6c, 0x24, 0x94, 0xf2, 0x8d, 0x9b, 0xfb, 0xce, 0x2a, 0xbf, 0xb5, 0xfc, 0xf9, 0xf0, 0x9e, 
  0x2c, 0x1e, 0xb8, 0x9f, 0x10, 0xdf, 0xa3, 0xfe, 0x17, 0x5e, 0xa8, 0xe4, 0x6b, 0x22, 0x52, 0xd8, 
  0xbd, 0x1f, 0x46, 0xfc, 0xa1, 0xfc, 0xbd, 0xd2, 0x65, 0x79, 0xad, 0xb4, 0x78, 0x4c, 0x93, 0x2d, 
  0xbf, 0xae, 0x24, 0x2f, 0x24, 0x6f, 0x2d, 0xa3, 0x17, 0x8a, 0x73, 0x1c, 0x8c, 0xeb, 0xeb, 0x87, 
  0x62, 0xde, 0xb1, 0xfd, 0xef, 0xf9, 0x79, 0x83, 0x3d, 0x56, 0x49, 0x8a, 0x32, 0x2d, 0x83, 0x18, 
  0x0c, 0xc2, 0x82, 0xb5, 0xa6, 0xfe, 0x39, 0x8e, 0xcd, 0x69, 0x86, 0x23, 0x20, 0x94, 0xa2, 0xfa, 
  0xaa, 0x08, 0x59, 0x28, 0x39, 0x00, 0x7a, 0x80, 0x7a, 0xe2, 0xac, 0x0b, 0xcd, 0x3f, 0x92, 0x1e, 
  0x48, 0xd7, 0x45, 0xb4, 0x96, 0xeb, 0x73, 0xa1, 0x5e, 0xd8, 0xac, 0x8b, 0x63, 0x77, 0xa4, 0x4c, 
  0xd6, 0xad, 0x0f, 0xab, 0x21, 0x95, 0xf8, 0xa2, 0xfe, 0xef, 0xe3, 0x91, 0x99, 0xdb, 0xe0, 0xe4, 
  0xcd, 0x99, 0x78, 0xb5, 0xb9, 0x21, 0x63, 0xea, 0x12, 0xe7, 0xc7, 0xea, 0x6b, 0x38, 0xc3, 0x35, 
  0xb9, 0xbb, 0xb1, 0xd2, 0x74, 0xc7, 0xb9, 0xbe, 0xb9, 0x5b, 0x7b, 0x2b, 0x28, 0xb9, 0x4f, 0x77, 
  0x70, 0xe0, 0x2a, 0xc7, 0x1a, 0xee, 0xf2, 0x3b, 0x7b, 0x0f, 0x89, 0x8e, 0x62, 0xc4, 0x19, 0x1a, 
  0x1c, 0xcb, 0x63, 0xc3, 0x61, 0xfc, 0xfb, 0xd4, 0xee, 0x3c, 0xf1, 0x71, 0xa9, 0x49, 0x1c, 0xd6, 
  0xfe, 0x4f, 0x82, 0xc5, 0x06, 0x8b, 0xa2, 0xac, 0x2a, 0x6f, 0xf5, 0x7b, 0x8b, 0xd9, 0x42, 0x5a, 
  0x49, 0x0c, 0x6d, 0x49, 0x01, 0x97, 0xd3, 0x91, 0xe2, 0x5f, 0xd8, 0x81, 0x79, 0xbf, 0xf7, 0xb9, 
  0xb6, 0x9f, 0x67, 0x44, 0x62, 0x1b, 0xf1, 0x64, 0xbf, 0x5f, 0xf3, 0x31, 0xc6, 0x1f, 0x57, 0xfa, 
  0x57, 0x1c, 0x66, 0xdc, 0xf7, 0x3d, 0xea, 0x19, 0x0c, 0x90, 0xc7, 0x21, 0x46, 0x8c, 0xba, 0x86, 
  0xf4, 0xdc, 0x00, 0xcb, 0x51, 0x5e, 0x2d, 0x42, 0x47, 0x21, 0xdf, 0x7c, 0xd4, 0x39, 0x0b, 0xf1, 
  0x57, 0x62, 0xaf, 0xff, 0xd4, 0xf5, 0x46, 0x2a, 0x90, 0x79, 0xd7, 0xcd, 0x7a, 0x47, 0x96, 0x74, 
  0x78, 0xef, 0xb5, 0x8a, 0xae, 0x9d, 0x71, 0x73, 0x0d, 0x8c, 0xf3, 0x02, 0x00, 0x88, 0x5d, 0x3f, 
  0xa4, 0x24, 0x72, 0x69, 0xfb, 0xb4, 0x2d, 0x57, 0xff, 0x00, 0x27, 0x2d, 0xc3, 0x8a, 0x53, 0x95, 
  0x47, 0x9f, 0xd5, 0xfe, 0x95, 0x8c, 0xa5, 0x43, 0x77, 0xca, 0x9e, 0x6f, 0xbf, 0x92, 0x64, 0xb7, 
  0xfc, 0xbc, 0x9c, 0xa5, 0xad, 0xc2, 0x6a, 0x16, 0x31, 0xea, 0xf7, 0x13, 0x6d, 0x14, 0x32, 0x58, 
  0xdb, 0x35, 0x84, 0x92, 0xd4, 0xd3, 0xe1, 0x68, 0x52, 0x3b, 0xa6, 0x65, 0xfb, 0x71, 0x71, 0xce, 
  0x93, 0x4d, 0x0a, 0xbc, 0xdc, 0xfd, 0x32, 0xe0, 0xfe, 0x97, 0x19, 0xe3, 0xff, 0x00, 0xab, 0x6e, 
  0x06, 0x43, 0xfc, 0x1c, 0x99, 0x9f, 0x93, 0xbc, 0xac, 0xfa, 0x8f, 0x9a, 0xb4, 0xdb, 0x6f, 0x2f, 
  0xde, 0x3b, 0xdb, 0x8b, 0x94, 0xbd, 0xbe, 0xd4, 0xf5, 0x12, 0x97, 0x37, 0x4b, 0x14, 0x11, 0xa8, 
  0x59, 0x52, 0x16, 0x0b, 0x67, 0x67, 0x75, 0x34, 0x6a, 0x91, 0xda, 0x5b, 0xa4, 0x37, 0x17, 0xb6, 
  0x96, 0x9f, 0xbf, 0x9d, 0xed, 0x3f, 0x77, 0x0b, 0xe0, 0xe7, 0xcb, 0x50, 0x3c, 0x42, 0xb6, 0xe0, 
  0x8c, 0x61, 0xe9, 0xff, 0x00, 0x8f, 0x4e, 0x31, 0xff, 0x00, 0x29, 0x2f, 0xa6, 0x72, 0xf4, 0xfa, 
  0x9b, 0xa3, 0x1f, 0xe6, 0xbe, 0x97, 0x19, 0xa3, 0x72, 0xd2, 0x3f, 0x32, 0xf9, 0xcb, 0x41, 0xf2, 
  0xe4, 0x41, 0xb5, 0x19, 0xe9, 0x33, 0x21, 0x92, 0x3b, 0x68, 0xc7, 0x39, 0x59, 0x17, 0xab, 0x71, 
  0xa8, 0x0a, 0x83, 0xf9, 0xe4, 0x64, 0x4f, 0xf2, 0xb2, 0xdc, 0x78, 0xa5, 0x3e, 0x4c, 0x4c, 0x80, 
  0xe6, 0xc3, 0xbf, 0xe8, 0x61, 0x3c, 0x88, 0x76, 0x8d, 0x6e, 0x66, 0x90, 0xec, 0x91, 0x44, 0x6d, 
  0x1d, 0xd8, 0xf6, 0x54, 0x51, 0x71, 0x56, 0x63, 0xfb, 0x2a, 0xbf, 0x6b, 0x32, 0x3f, 0x21, 0x93, 
  0xf1, 0xc5, 0xff, 0x00, 0x12, 0xd5, 0xe3, 0xc7, 0xf1, 0x48, 0xed, 0x6b, 0xf3, 0xbf, 0xc8, 0xda, 
  0x3d, 0xf8, 0xb1, 0xbb, 0x92, 0x7f, 0x58, 0xc1, 0x0d, 0xc8, 0xa2, 0xc6, 0xb5, 0x8e, 0xe2, 0x31, 
  0x24, 0x67, 0x8c, 0x92, 0x23, 0x8f, 0x84, 0xfe, 0xd2, 0x60, 0x86, 0x8b, 0x24, 0x85, 0x80, 0xca, 
  0x59, 0xa2, 0x39, 0xa6, 0x3a, 0x7f, 0xe6, 0x9f, 0x93, 0xef, 0x7c, 0xb5, 0x7d, 0xe6, 0x35, 0xba, 
  0x30, 0x69, 0xfa, 0x6a, 0x87, 0xbb, 0xf5, 0xf8, 0xa3, 0xaa, 0xbf, 0xf7, 0x44, 0x7c, 0x45, 0x19, 
  0x67, 0xe9, 0x0b, 0x07, 0xe2, 0xed, 0xf0, 0x7d, 0xb5, 0x6c, 0xae, 0x5a, 0x69, 0x89, 0x88, 0xd6, 
  0xe5, 0x90, 0xc8, 0x08, 0xb4, 0x92, 0x2f, 0xcf, 0xdf, 0x22, 0xcb, 0xa7, 0x5e, 0xdf, 0xa1, 0x99, 
  0x6d, 0xec, 0x95, 0x19, 0xe4, 0x93, 0xd1, 0x58, 0xd8, 0xbc, 0x8b, 0x19, 0x45, 0x94, 0x48, 0xd1, 
  0xfa, 0xa9, 0xea, 0x23, 0x34, 0x6e, 0xc8, 0xdc, 0x1b, 0x92, 0x72, 0xcb, 0x4e, 0x83, 0x28, 0x90, 
  0x07, 0xf4, 0xb1, 0xf1, 0xa2, 0x89, 0xd0, 0xbf, 0x3b, 0x7c, 0x99, 0xab, 0xda, 0x6a, 0x77, 0xa9, 
  0x23, 0x5b, 0xd9, 0xe9, 0x50, 0x1b, 0x9b, 0xab, 0xb9, 0x5a, 0x23, 0x08, 0x50, 0xc1, 0x78, 0x7a, 
  0x88, 0xec, 0x16, 0x5a, 0xba, 0x51, 0x1b, 0xed, 0x73, 0x5e, 0x39, 0x1c, 0xba, 0x3c, 0x90, 0x90, 
  0x07, 0x9c, 0x93, 0x1c, 0xa0, 0xbb, 0xcb, 0x7f, 0x9a, 0x7e, 0x47, 0xf3, 0xdd, 0xd4, 0xbe, 0x5f, 
  0x8a, 0x03, 0x74, 0x97, 0x50, 0xb8, 0x9a, 0x09, 0x96, 0x19, 0xe0, 0x75, 0x02, 0xad, 0x1c, 0xa1, 
  0x1a, 0x40, 0x39, 0x2d, 0x78, 0xf3, 0x5e, 0x2f, 0xc5, 0xb1, 0xcd, 0xa5, 0xc9, 0x86, 0xa4, 0x7d, 
  0x28, 0x8e, 0x48, 0xcb, 0x67, 0x9f, 0xfe, 0x69, 0x79, 0x52, 0x2f, 0x27, 0x79, 0x90, 0xf9, 0xc1, 
  0x75, 0x17, 0xb4, 0x97, 0xcc, 0x57, 0xb1, 0xe9, 0xef, 0xe6, 0x37, 0xb7, 0x12, 0x2e, 0x81, 0x60, 
  0x2d, 0xc2, 0x30, 0xb6, 0x44, 0x04, 0x09, 0xa7, 0x09, 0xe8, 0x47, 0x70, 0xcb, 0xfb, 0x98, 0xfe, 
  0x05, 0xf8, 0xdf, 0xd4, 0x6c, 0xdd, 0x2e, 0x63, 0x96, 0x1e, 0x1d, 0x5f, 0x00, 0x33, 0xe0, 0xbf, 
  0xef, 0xa7, 0xfd, 0x3f, 0xe7, 0x70, 0xff, 0x00, 0x31, 0x84, 0xe1, 0xc2, 0x6f, 0xbd, 0x1d, 0xf9, 
  0x49, 0x77, 0x6d, 0xa7, 0xf9, 0x9f, 0x50, 0xd4, 0x6c, 0x75, 0x4d, 0x42, 0x2f, 0xcb, 0xfb, 0xd8, 
  0x21, 0xb4, 0xd3, 0xee, 0xbc, 0xc5, 0x72, 0xde, 0xa6, 0xa3, 0xaa, 0xb4, 0xb4, 0x37, 0x16, 0x6b, 
  0x3f, 0x19, 0x3d, 0x36, 0x43, 0xe9, 0x9e, 0x2b, 0xfb, 0xd7, 0xff, 0x00, 0x81, 0x8e, 0x1a, 0xb1, 
  0x70, 0x11, 0x22, 0x3e, 0x30, 0x3c, 0x53, 0xf0, 0xc7, 0xf7, 0x78, 0xff, 0x00, 0x99, 0x93, 0xf1, 
  0xe9, 0x4e, 0x33, 0xbd, 0xff, 0x00, 0x0b, 0xdc, 0xb3, 0x56, 0xde, 0xec, 0x55, 0xff, 0xd5, 0xf5, 
  0x46, 0x2a, 0xc0, 0xbf, 0x37, 0xa5, 0xd3, 0xee, 0x74, 0x38, 0x74, 0x47, 0x8d, 0x6e, 0xb5, 0x7b, 
  0xa6, 0xfa, 0xf6, 0x93, 0xa6, 0x3a, 0x92, 0x2f, 0x4e, 0x9a, 0xe9, 0x3d, 0xc5, 0xaa, 0xec, 0x41, 
  0x92, 0x6b, 0x7f, 0x52, 0x34, 0x4f, 0xda, 0xe5, 0xfe, 0x4e, 0x65, 0xe8, 0xec, 0x4b, 0x8b, 0xf8, 
  0x7e, 0x99, 0x4b, 0xf9, 0xbe, 0x27, 0xd3, 0xfe, 0xc9, 0xaf, 0x2f, 0x27, 0xcd, 0x1a, 0xe6, 0xad, 
  0xe4, 0xeb, 0xcf, 0x3b, 0xda, 0x4b, 0xaa, 0x22, 0x6a, 0x3a, 0x2e, 0x95, 0x61, 0xf5, 0x69, 0x26, 
  0x32, 0x18, 0x7f, 0x49, 0xfd, 0x5d, 0x5f, 0xf4, 0x71, 0x9e, 0x65, 0xdd, 0x59, 0xa1, 0x7b, 0x38, 
  0xae, 0xa4, 0x3f, 0x1a, 0xac, 0x13, 0x72, 0xce, 0x87, 0x0c, 0x32, 0x47, 0x11, 0xe1, 0xf4, 0xca, 
  0x72, 0xff, 0x00, 0x95, 0x7c, 0x5f, 0xde, 0xff, 0x00, 0xd3, 0xcf, 0x0d, 0xc1, 0x32, 0x06, 0x42, 
  0xff, 0x00, 0xe9, 0x2f, 0xe6, 0xbd, 0xc7, 0xf2, 0x5b, 0xcb, 0xfa, 0x58, 0xf3, 0x2e, 0xab, 0xab, 
  0xb4, 0xa1, 0xb5, 0x1b, 0x6b, 0x4b, 0x7b, 0x48, 0x2c, 0xc4, 0x7e, 0x80, 0xb7, 0x82, 0x72, 0xd3, 
  0x34, 0xab, 0x6a, 0x07, 0x1b, 0x18, 0xae, 0x99, 0x17, 0xea, 0x96, 0xcd, 0xfe, 0x95, 0xf5, 0x38, 
  0x62, 0xb8, 0xbc, 0xfd, 0xfd, 0xce, 0x69, 0x35, 0xb9, 0x0f, 0x04, 0x63, 0xfc, 0x36, 0x65, 0xfe, 
  0x77, 0xf5, 0xbf, 0x8e, 0x50, 0xfe, 0x29, 0x7d, 0x1c, 0x7e, 0x98, 0xfd, 0x2e, 0x5e, 0x21, 0xd5, 
  0xec, 0x74, 0xae, 0x6b, 0x8b, 0x7b, 0xe3, 0xaf, 0x35, 0xf9, 0x88, 0xf9, 0x93, 0xf3, 0x11, 0xa0, 
  0xd5, 0x8f, 0xa9, 0x6d, 0x37, 0xef, 0x16, 0xd2, 0x4a, 0xb4, 0x52, 0x5e, 0x30, 0xad, 0xb4, 0x72, 
  0xa8, 0x2b, 0xea, 0xc5, 0x0c, 0x45, 0x52, 0xde, 0x16, 0x6e, 0x2d, 0x37, 0xfc, 0xc4, 0x49, 0x9d, 
  0x36, 0x0c, 0x3e, 0x1e, 0x1e, 0x28, 0xf3, 0xff, 0x00, 0x79, 0xfc, 0x5c, 0x3f, 0xef, 0xbf, 0xa2, 
  0xe0, 0x4b, 0x25, 0xce, 0x99, 0x6e, 0xa3, 0xff, 0x00, 0x38, 0xfb, 0x7d, 0xa8, 0x6b, 0xfa, 0x4d, 
  0xff, 0x00, 0x95, 0xa4, 0xb6, 0x7d, 0x1a, 0x46, 0x82, 0xe8, 0xea, 0x24, 0x08, 0x61, 0x92, 0xdc, 
  0x30, 0x7e, 0x46, 0x18, 0xc7, 0xc1, 0x74, 0xbc, 0x78, 0xb2, 0x22, 0x24, 0x53, 0x2b, 0x23, 0xfe, 
  0xea, 0x54, 0x97, 0x31, 0xa1, 0xda, 0x95, 0x09, 0x46, 0x77, 0x74, 0x63, 0xfd, 0x56, 0x67, 0x4f, 
  0x64, 0x10, 0x83, 0xff, 0x00, 0x9c, 0x84, 0xd0, 0x6d, 0xa1, 0xd7, 0xfc, 0xbd, 0x61, 0xcc, 0xb5, 
  0xcc, 0xa6, 0xce, 0xd2, 0x7b, 0xbe, 0x35, 0x62, 0x0c, 0x66, 0x12, 0xea, 0xa4, 0xfc, 0x23, 0xe0, 
  0x56, 0xf4, 0xb9, 0x71, 0xe4, 0xbf, 0xec, 0xb2, 0xce, 0xca, 0xca, 0x44, 0x67, 0x2e, 0x80, 0x19, 
  0x31, 0xd4, 0xc4, 0x12, 0x03, 0x0e, 0xf2, 0xe5, 0xfa, 0xe8, 0x9a, 0x95, 0xd7, 0x96, 0xaf, 0x5b, 
  0xf4, 0x8e, 0x91, 0x7a, 0x8e, 0x74, 0xf2, 0x3e, 0x08, 0xef, 0x11, 0x99, 0x8a, 0x46, 0x56, 0x4f, 
  0x84, 0x7a, 0xf2, 0xaf, 0xc3, 0x1c, 0xbf, 0xdc, 0xde, 0xab, 0xc7, 0xfe, 0xed, 0xe7, 0x99, 0x3a, 
  0x88, 0x78, 0x91, 0x19, 0x07, 0xa2, 0x63, 0xeb, 0xff, 0x00, 0x6b, 0xfe, 0x97, 0xf9, 0x91, 0xfe, 
  0x2f, 0xe3, 0x83, 0x5c, 0x0f, 0x0e, 0xcc, 0xa3, 0xf2, 0xd3, 0x46, 0xb3, 0x81, 0xbc, 0xe3, 0xa6, 
  0x34, 0x44, 0xc1, 0x68, 0x2f, 0x38, 0x45, 0x2d, 0x4b, 0x23, 0x47, 0x15, 0xb9, 0x0a, 0xc1, 0xc6, 
  0xe5, 0x37, 0x42, 0x1f, 0xfd, 0x9f, 0xc5, 0x98, 0xba, 0xd9, 0x99, 0x08, 0x4a, 0xf7, 0xdb, 0xf4, 
  0xb6, 0xe3, 0x88, 0x17, 0xf1, 0x5f, 0xf9, 0x17, 0xa0, 0x69, 0xfa, 0xde, 0x9f, 0xe6, 0xdd, 0x2a, 
  0xee, 0xa9, 0x6c, 0x0c, 0xd2, 0x47, 0xc6, 0x84, 0x29, 0x83, 0xd2, 0x29, 0xc9, 0x5b, 0xe1, 0x91, 
  0x29, 0xf0, 0xb4, 0x6f, 0xf0, 0xba, 0xff, 0x00, 0xc1, 0x61, 0xed, 0x4c, 0x86, 0x33, 0x84, 0x87, 
  0x3a, 0x0c, 0x74, 0xd1, 0x04, 0x10, 0x88, 0xff, 0x00, 0x9c, 0x7b, 0xb5, 0x82, 0xd7, 0xf3, 0x43, 
  0x50, 0xb6, 0xb7, 0x5e, 0x30, 0x44, 0x59, 0x62, 0x52, 0x4b, 0x51, 0x4c, 0x2e, 0xc0, 0x54, 0xee, 
  0x40, 0xae, 0xd5, 0xc3, 0xda, 0x73, 0x32, 0xc1, 0x12, 0x57, 0x4e, 0x2a, 0x66, 0x9f, 0x4c, 0x6a, 
  0x76, 0x93, 0x5e, 0x69, 0xd7, 0x56, 0xb0, 0xce, 0x6d, 0x66, 0x9e, 0x27, 0x8e, 0x2b, 0xa0, 0x89, 
  0x21, 0x89, 0xd8, 0x10, 0xb2, 0x04, 0x90, 0x32, 0x31, 0x46, 0xf8, 0xb8, 0xb8, 0xe3, 0x9c, 0xf4, 
  0x4d, 0x1b, 0x73, 0x88, 0x7c, 0xc3, 0x37, 0xe5, 0xa7, 0x99, 0x3c, 0xd3, 0xaa, 0x6a, 0x9a, 0x85, 
  0xab, 0xca, 0xf6, 0x50, 0xac, 0x76, 0x07, 0xcd, 0x5e, 0x6f, 0x96, 0x48, 0xee, 0x45, 0xdc, 0x33, 
  0xb3, 0x4f, 0x77, 0xa6, 0xc4, 0x9b, 0x43, 0x1c, 0x45, 0x3d, 0x24, 0x8d, 0xbe, 0x0f, 0xf2, 0xf9, 
  0x73, 0xcd, 0xf4, 0x75, 0x78, 0xf1, 0xc4, 0x03, 0xcf, 0xea, 0xf0, 0xf0, 0x7d, 0x3c, 0x1c, 0x3f, 
  0x4e, 0x4f, 0xe7, 0x38, 0xa6, 0x06, 0xec, 0x7f, 0xb2, 0x7d, 0x37, 0xa4, 0x6a, 0x56, 0x3a, 0x85, 
  0x92, 0x4d, 0x65, 0x7d, 0x0e, 0xa5, 0x1a, 0x7e, 0xea, 0x4b, 0xbb, 0x77, 0x47, 0x46, 0x92, 0x3f, 
  0x85, 0xf7, 0x42, 0xca, 0x1b, 0x97, 0xda, 0x5f, 0xd9, 0xcd, 0x14, 0xa2, 0x62, 0x68, 0x8e, 0x17, 
  0x28, 0x14, 0x6e, 0x45, 0x2f, 0xff, 0xd6, 0xf5, 0x46, 0x2a, 0xf3, 0x7f, 0xce, 0xad, 0x12, 0xd2, 
  0xfb, 0x4a, 0xd3, 0xb5, 0x59, 0x5d, 0xd0, 0xe8, 0x17, 0x3f, 0x5b, 0x9e, 0x78, 0x09, 0xfa, 0xc5, 
  0xad, 0xb4, 0x8a, 0x62, 0x7b, 0xe8, 0x55, 0x41, 0x6e, 0x76, 0x32, 0x18, 0xaf, 0x3f, 0xca, 0x8e, 
  0x09, 0x63, 0xfd, 0xbc, 0xcc, 0xd1, 0x64, 0x20, 0x98, 0xff, 0x00, 0x3f, 0xfd, 0x97, 0xf4, 0x3f, 
  0xcf, 0xfa, 0x1a, 0x72, 0xc7, 0xaf, 0x73, 0xe7, 0xad, 0x4f, 0x58, 0xd0, 0xf4, 0xbf, 0xcc, 0x93, 
  0xad, 0xbc, 0x16, 0x90, 0xdc, 0x3d, 0x8f, 0xab, 0x32, 0x04, 0x13, 0xd9, 0x5b, 0xeb, 0xd2, 0x56, 
  0x27, 0xba, 0x8e, 0x3f, 0x8c, 0x3c, 0x4b, 0x28, 0xfa, 0xec, 0x0a, 0x3f, 0xbc, 0xe6, 0x9c, 0x7e, 
  0x29, 0x33, 0x7b, 0x0c, 0x73, 0x96, 0x0e, 0x1b, 0x35, 0xc5, 0xfe, 0x74, 0xb0, 0xff, 0x00, 0x33, 
  0xfd, 0xec, 0x9c, 0x43, 0x28, 0x89, 0xdf, 0x57, 0xbe, 0x7e, 0x4a, 0x5b, 0xe9, 0x36, 0x53, 0xf9, 
  0x86, 0xca, 0x14, 0x9a, 0x3d, 0x62, 0x49, 0xa0, 0xbd, 0xd5, 0x20, 0xb8, 0x25, 0xee, 0x21, 0x49, 
  0xe3, 0x2b, 0x6a, 0x97, 0x92, 0x92, 0x7d, 0x4d, 0x42, 0x68, 0xe3, 0x6b, 0xcb, 0xdf, 0xf7, 0xdc, 
  0xb7, 0x3e, 0x9f, 0xec, 0xae, 0x69, 0x35, 0xc6, 0x47, 0x84, 0x9f, 0xa7, 0xe9, 0x8f, 0xf3, 0x7d, 
  0x3f, 0x5f, 0x87, 0xfc, 0xdc, 0x7e, 0xaf, 0x4b, 0x99, 0x88, 0x55, 0x87, 0xa8, 0xe6, 0x09, 0x6d, 
  0x7c, 0x67, 0xf9, 0xb5, 0xe4, 0x1d, 0x5f, 0x47, 0xf3, 0x34, 0xe9, 0x14, 0x12, 0x4c, 0xb1, 0xad, 
  0x00, 0x8c, 0x13, 0x2b, 0xc2, 0x8c, 0x7d, 0x2b, 0xa8, 0xc2, 0xfc, 0x4e, 0x9c, 0x0a, 0x47, 0x2f, 
  0xa5, 0xc9, 0xad, 0xa6, 0x8b, 0xf7, 0x9c, 0x51, 0xe2, 0x76, 0xea, 0xbb, 0x3f, 0x55, 0x19, 0x42, 
  0x89, 0xfc, 0x7f, 0x14, 0x3f, 0x1f, 0x53, 0xad, 0xcd, 0x84, 0x83, 0xb3, 0x2a, 0xfc, 0xae, 0xfc, 
  0xfb, 0xb9, 0xd2, 0x12, 0xd7, 0x49, 0xbc, 0xb6, 0x9a, 0xfe, 0x37, 0x9b, 0xfd, 0x3e, 0x28, 0x62, 
  0xe6, 0xf1, 0x73, 0x3f, 0xbc, 0xba, 0x8d, 0x83, 0x05, 0x8a, 0x32, 0x7f, 0x7f, 0x73, 0x13, 0xc7, 
  0xf0, 0xcb, 0xea, 0xb4, 0x6d, 0xc6, 0x4f, 0x83, 0x17, 0x59, 0xd9, 0x96, 0x4c, 0xa2, 0x40, 0x1d, 
  0x3f, 0xe2, 0x65, 0xfe, 0xe6, 0x1f, 0xe9, 0x5b, 0x70, 0xe7, 0xdb, 0x74, 0x5f, 0xfc, 0xe4, 0xbb, 
  0xcb, 0x36, 0xbf, 0xa3, 0x5e, 0x69, 0xb4, 0xbb, 0x75, 0x16, 0xd7, 0x90, 0x08, 0x41, 0x98, 0x32, 
  0x01, 0x29, 0x49, 0x28, 0x95, 0x2d, 0x0b, 0x30, 0x0b, 0xcb, 0xec, 0xe4, 0x7b, 0x27, 0x87, 0x86, 
  0x42, 0x5b, 0x73, 0x8f, 0xfb, 0x95, 0xd4, 0x83, 0x69, 0x16, 0xb9, 0xe5, 0x4d, 0x5b, 0xcd, 0x3f, 
  0x97, 0xb0, 0xf9, 0xb6, 0x5b, 0x06, 0xb1, 0xf4, 0xa5, 0x30, 0xc7, 0xea, 0xa9, 0x89, 0xd5, 0xa3, 
  0x01, 0x7d, 0x59, 0x09, 0x0a, 0x3e, 0xaf, 0x29, 0x55, 0xb7, 0x37, 0x3f, 0x07, 0xef, 0x23, 0x82, 
  0xea, 0x6f, 0x8b, 0xeb, 0x12, 0x3d, 0x98, 0x73, 0x8c, 0x39, 0x8c, 0x2f, 0x8f, 0xfa, 0xbf, 0xef, 
  0x7f, 0xab, 0xf5, 0x70, 0x7f, 0x5a, 0x3f, 0xcd, 0x44, 0xe0, 0x65, 0x1b, 0x47, 0x7e, 0x48, 0x69, 
  0xda, 0xc5, 0xd5, 0xde, 0xb5, 0x61, 0x7a, 0xb2, 0x1d, 0x4b, 0x55, 0x82, 0xf5, 0x81, 0x99, 0xd5, 
  0xe5, 0x72, 0x61, 0x84, 0x7a, 0x8e, 0xc1, 0x9b, 0xed, 0x49, 0xf0, 0x17, 0x7f, 0xda, 0xc8, 0xf6, 
  0x94, 0xe0, 0x04, 0x78, 0x2b, 0x86, 0x15, 0xfa, 0x53, 0x80, 0x1b, 0xa2, 0xc6, 0x3c, 0xb7, 0xe6, 
  0xad, 0x7f, 0xf2, 0xf7, 0x55, 0xd6, 0x6d, 0x1b, 0x4f, 0x9a, 0x41, 0x7a, 0xf3, 0xab, 0x14, 0x4a, 
  0x9a, 0x4b, 0xf0, 0xb4, 0x6f, 0xc8, 0x51, 0x19, 0x78, 0x2d, 0x7f, 0xdd, 0x8a, 0xea, 0xdf, 0xbb, 
  0x78, 0xd9, 0x73, 0x23, 0x2e, 0x08, 0xea, 0xa3, 0x19, 0x46, 0x40, 0x53, 0x54, 0x26, 0x71, 0x9e, 
  0x4c, 0xf3, 0xfe, 0x71, 0xb7, 0x42, 0xd6, 0x6e, 0xfc, 0xd3, 0xa8, 0x79, 0x92, 0xee, 0x03, 0x6f, 
  0x09, 0xe4, 0x4a, 0x32, 0x90, 0x3e, 0x25, 0x28, 0x8a, 0x2b, 0xf1, 0x03, 0x46, 0x3b, 0x3f, 0xc5, 
  0xc1, 0x3d, 0x4f, 0xdb, 0x5c, 0xc3, 0xed, 0x4c, 0xb0, 0x11, 0x8e, 0x38, 0x9e, 0x2e, 0x16, 0xed, 
  0x34, 0x0d, 0x99, 0x17, 0xd2, 0x39, 0xa3, 0x73, 0x1f, 0x33, 0xff, 0x00, 0xce, 0x41, 0x5a, 0x69, 
  0x51, 0xf9, 0xc9, 0xd5, 0xed, 0xf4, 0xe9, 0x67, 0xbc, 0x8a, 0x29, 0x27, 0x37, 0x37, 0x57, 0x17, 
  0x7a, 0x89, 0x42, 0xbe, 0x9d, 0x2c, 0xec, 0x19, 0x65, 0xb6, 0xb6, 0xfb, 0x1f, 0x0c, 0x9e, 0x8b, 
  0xf3, 0x6e, 0x4d, 0x9b, 0xce, 0xcc, 0x91, 0xe0, 0xab, 0x95, 0x0f, 0xe6, 0xf0, 0xc2, 0x1f, 0xf2, 
  0x52, 0x5f, 0x54, 0x9c, 0x6c, 0xef, 0x49, 0xff, 0x00, 0x9c, 0x7c, 0x7b, 0x54, 0xf2, 0x64, 0xd6, 
  0x56, 0x7e, 0x5a, 0xbd, 0xf2, 0xd5, 0x9d, 0xad, 0xcb, 0x7a, 0x51, 0x5f, 0xbc, 0x92, 0xc9, 0x72, 
  0x64, 0x45, 0x66, 0xb8, 0x0d, 0x24, 0x70, 0xf5, 0x6f, 0x87, 0x8a, 0x27, 0x05, 0xe3, 0x98, 0x5d, 
  0xa3, 0xfd, 0xe5, 0x99, 0x8c, 0xbb, 0x7f, 0x0f, 0xf0, 0xff, 0x00, 0x45, 0xb3, 0x0f, 0x2e, 0x5c, 
  0x2f, 0x4f, 0xcc, 0x06, 0xd7, 0xff, 0xd7, 0xf5, 0x46, 0x2a, 0xf3, 0x6f, 0xce, 0x4d, 0x12, 0xef, 
  0xd2, 0xd1, 0xfc, 0xd7, 0x65, 0x79, 0x3e, 0x9d, 0x37, 0x97, 0xe6, 0x93, 0xeb, 0xb7, 0xd6, 0xa9, 
  0xea, 0xbc, 0x56, 0x57, 0x28, 0x16, 0x59, 0x64, 0x86, 0x87, 0xeb, 0x36, 0xf0, 0x48, 0x90, 0xcd, 
  0x73, 0x6f, 0xfb, 0x76, 0xcb, 0x3f, 0x0e, 0x32, 0x2a, 0x66, 0x6e, 0x8e, 0x43, 0x78, 0x11, 0x7c, 
  0x7f, 0xee, 0xa3, 0xfd, 0x2f, 0xe1, 0xe2, 0xff, 0x00, 0x74, 0xd5, 0x94, 0x1e, 0x6f, 0x04, 0xbb, 
  0x93, 0xcb, 0x7e, 0x52, 0xfc, 0xca, 0xd0, 0xb5, 0xd8, 0x6c, 0x60, 0x85, 0x14, 0x4f, 0x71, 0xa9, 
  0x68, 0xe1, 0xfd, 0x6b, 0x48, 0x2f, 0xd6, 0x27, 0xf4, 0x25, 0xb5, 0x62, 0x3f, 0xde, 0x1b, 0x96, 
  0x7b, 0x6b, 0xab, 0x17, 0xf8, 0xb8, 0xc6, 0xdf, 0x07, 0x0f, 0x4f, 0x84, 0x7b, 0xb8, 0x09, 0xe5, 
  0xc1, 0x28, 0x5f, 0xf3, 0x78, 0x65, 0xfc, 0x5c, 0x1f, 0xc5, 0xc5, 0xfd, 0x38, 0xfa, 0xa1, 0x37, 
  0x0e, 0x5c, 0x31, 0x9d, 0xbd, 0x7b, 0xf2, 0x36, 0xfb, 0x4d, 0xb7, 0xd6, 0x2e, 0xac, 0xd5, 0x9e, 
  0x5b, 0xff, 0x00, 0x30, 0x59, 0x26, 0xb0, 0x2e, 0x9f, 0x66, 0xb8, 0x82, 0xd9, 0xc5, 0xb3, 0xde, 
  0x4b, 0xcb, 0xe2, 0x2f, 0x7f, 0x7b, 0x25, 0xdd, 0xc4, 0x5f, 0xf2, 0xed, 0xe9, 0x66, 0xa7, 0x5d, 
  0x12, 0x62, 0x0f, 0xf0, 0xc0, 0xf8, 0x7f, 0xef, 0xa3, 0x0f, 0xf3, 0x20, 0xe4, 0xe2, 0xa0, 0x6b, 
  0xa9, 0x7b, 0x36, 0x6b, 0x5c, 0x87, 0x95, 0x79, 0xd3, 0xf3, 0x7f, 0xf2, 0x5d, 0xaf, 0x2f, 0x3c, 
  0xbf, 0xe6, 0x39, 0x1a, 0xea, 0xe3, 0x4f, 0x99, 0xa1, 0x9e, 0x2f, 0xaa, 0x4f, 0x21, 0x8a, 0x64, 
  0xd9, 0x8c, 0x72, 0xa2, 0xfc, 0x2c, 0x2b, 0xc7, 0x9c, 0x6f, 0x9b, 0x0c, 0x1a, 0x0c, 0xe6, 0x3c, 
  0x50, 0x1e, 0x99, 0x79, 0x86, 0x89, 0xe6, 0x80, 0xd8, 0xbc, 0xdf, 0x56, 0xfc, 0xdf, 0xfc, 0x9e, 
  0xb1, 0x60, 0xda, 0x1f, 0x95, 0xef, 0x35, 0x99, 0x14, 0xd6, 0x31, 0x7f, 0x2b, 0xc5, 0x6c, 0x08, 
  0xe9, 0xc9, 0x25, 0x79, 0x5a, 0x45, 0xf6, 0x78, 0x9b, 0x33, 0xf1, 0xf6, 0x76, 0x79, 0x7d, 0x52, 
  0x8c, 0x3f, 0xab, 0xff, 0x00, 0x1d, 0x69, 0x96, 0x7c, 0x63, 0x96, 0xec, 0x4f, 0xcc, 0xbf, 0x9f, 
  0x5e, 0x7b, 0xd7, 0x2e, 0x23, 0x91, 0x61, 0xd3, 0xb4, 0xe4, 0x84, 0x14, 0xb7, 0x58, 0x6d, 0x23, 
  0x9e, 0x48, 0xd4, 0xd2, 0xa0, 0x4b, 0x72, 0x24, 0x22, 0xb4, 0x1c, 0xb8, 0x22, 0x66, 0x6e, 0x1e, 
  0xcb, 0xc5, 0x0e, 0x66, 0x52, 0xf8, 0xf0, 0xb4, 0xcf, 0x53, 0x22, 0x89, 0xff, 0x00, 0xa1, 0x8c, 
  0xfc, 0xc9, 0x5f, 0x2e, 0xc7, 0xa4, 0x45, 0x25, 0xa4, 0x37, 0x31, 0xbd, 0x3f, 0x49, 0xc7, 0x6f, 
  0x18, 0x73, 0x6f, 0xc6, 0x8b, 0x08, 0x80, 0x83, 0x6e, 0xb4, 0xff, 0x00, 0x7e, 0x70, 0xfb, 0x3f, 
  0x0f, 0xa7, 0xfb, 0x59, 0x0f, 0xe4, 0x8c, 0x3c, 0x77, 0xea, 0xe1, 0xfe, 0x6f, 0xfb, 0xee, 0x24, 
  0xfe, 0x6e, 0x55, 0x5d, 0x54, 0x7c, 0xbd, 0xff, 0x00, 0x39, 0x05, 0xf9, 0x8b, 0xa3, 0x5c, 0x19, 
  0x5b, 0xf4, 0x7e, 0xa2, 0x8c, 0x02, 0xc8, 0xb3, 0x5a, 0x45, 0x03, 0xb2, 0x8e, 0x83, 0xd4, 0xb5, 
  0x10, 0x9d, 0xbf, 0xca, 0x56, 0xc9, 0x65, 0xec, 0xac, 0x53, 0x14, 0x38, 0xa3, 0xfe, 0x77, 0x17, 
  0xfb, 0xb4, 0x43, 0x55, 0x21, 0xcf, 0x76, 0x6d, 0x6f, 0xff, 0x00, 0x39, 0x15, 0xe4, 0x1d, 0x62, 
  0x44, 0x93, 0xcd, 0xbe, 0x50, 0x92, 0x3b, 0x91, 0xf6, 0xee, 0xad, 0x0c, 0x77, 0x01, 0x88, 0x00, 
  0x6f, 0x53, 0x04, 0xa7, 0x61, 0xb7, 0x2e, 0x5c, 0x73, 0x06, 0x7d, 0x8f, 0x94, 0x7d, 0x12, 0x12, 
  0xff, 0x00, 0x62, 0xde, 0x35, 0x51, 0x3c, 0xc3, 0x3a, 0xf2, 0x9f, 0xe7, 0xf7, 0xe5, 0x76, 0xa1, 
  0xa9, 0xe9, 0xfe, 0x5e, 0xd2, 0x21, 0xbb, 0xb4, 0x96, 0xfa, 0x65, 0x82, 0xd6, 0x36, 0xb4, 0xf4, 
  0xa2, 0xf5, 0x1f, 0xa7, 0x26, 0x06, 0x83, 0x97, 0xf3, 0x66, 0x1e, 0x6e, 0xcd, 0xcd, 0x08, 0x99, 
  0x4a, 0xb6, 0x6e, 0x86, 0x78, 0x9d, 0x83, 0xd5, 0xb3, 0x5c, 0xdc, 0xf1, 0x9f, 0xce, 0xcf, 0x37, 
  0x6b, 0x5e, 0x5d, 0xf3, 0x3e, 0x82, 0x34, 0x0d, 0x7e, 0x7b, 0x1d, 0x4b, 0x50, 0xa4, 0x57, 0x9a, 
  0x54, 0x16, 0x0b, 0xa8, 0x56, 0xd1, 0x4b, 0x93, 0x77, 0xe9, 0x85, 0xf5, 0x5d, 0x96, 0x4e, 0x30, 
  0x88, 0x96, 0x55, 0xe5, 0xcb, 0xe1, 0xe3, 0xc5, 0xb3, 0x65, 0xa1, 0xc3, 0x19, 0xc6, 0x46, 0x43, 
  0x68, 0xfd, 0x32, 0xe2, 0xe0, 0xf5, 0xff, 0x00, 0x31, 0xa7, 0x2c, 0x88, 0x22, 0x8b, 0x25, 0xfc, 
  0xa8, 0xf3, 0x2f, 0xe6, 0x66, 0xb4, 0x97, 0xdf, 0xe3, 0x1d, 0x15, 0x74, 0xeb, 0x58, 0x42, 0x0d, 
  0x3a, 0xf8, 0xc6, 0xd6, 0xb2, 0xdc, 0xd4, 0xb7, 0x22, 0xf6, 0xaf, 0x24, 0xaf, 0x0d, 0x07, 0x1f, 
  0xb5, 0x94, 0xea, 0xf1, 0x62, 0x81, 0x1e, 0x1c, 0xb8, 0xbf, 0x9d, 0xfc, 0x5c, 0x1f, 0xe7, 0xff, 
  0x00, 0x13, 0x2c, 0x72, 0x91, 0xe6, 0x1e, 0x83, 0x98, 0x6d, 0x8f, 0xff, 0xd0, 0xf5, 0x46, 0x2a, 
  0xc7, 0x3f, 0x30, 0x6c, 0x7c, 0xcf, 0x77, 0xe5, 0x4b, 0xcf, 0xf0, 0xb5, 0xdb, 0x5a, 0x6b, 0xf6, 
  0xe0, 0x5c, 0x69, 0xe4, 0x70, 0x2b, 0x2b, 0xc4, 0x79, 0x18, 0x24, 0x59, 0x07, 0x06, 0x49, 0x97, 
  0x94, 0x7f, 0x17, 0xed, 0x32, 0xb7, 0x2c, 0xb7, 0x01, 0x80, 0x98, 0xe3, 0x17, 0x0f, 0xe2, 0x63, 
  0x30, 0x6b, 0x67, 0xc9, 0xff, 0x00, 0x98, 0xfa, 0x6e, 0x8d, 0xfa, 0x1e, 0xcf, 0x5d, 0x86, 0xd9, 
  0xad, 0xee, 0x24, 0x9f, 0xd0, 0xfa, 0xa5, 0xb8, 0x90, 0x69, 0x97, 0x10, 0x29, 0x67, 0x9a, 0x18, 
  0x22, 0x7a, 0xcd, 0xa5, 0xde, 0x5b, 0xcb, 0xca, 0x3b, 0xad, 0x2e, 0x47, 0xe1, 0x1f, 0xa8, 0xf2, 
  0xda, 0x33, 0x27, 0x2c, 0xe9, 0x74, 0x39, 0x65, 0xc4, 0x61, 0x7b, 0x57, 0xd5, 0xfc, 0x7f, 0xf1, 
  0xfe, 0x2f, 0xe7, 0xff, 0x00, 0xa7, 0x70, 0x73, 0x44, 0x6c, 0x5e, 0xa3, 0xa7, 0xf9, 0xc3, 0xcb, 
  0x1a, 0x47, 0x9f, 0x35, 0xbf, 0x38, 0xc6, 0xbc, 0xb4, 0x9d, 0x2e, 0xce, 0xde, 0xdc, 0xfd, 0x5c, 
  0x0e, 0x31, 0xda, 0xdd, 0x0b, 0x1b, 0x7d, 0x3a, 0xdd, 0x41, 0x20, 0x28, 0xe5, 0xf5, 0xa9, 0x8a, 
  0x8f, 0xe4, 0x7c, 0xd6, 0xcf, 0x14, 0xe5, 0x8e, 0x38, 0xcf, 0xd5, 0x22, 0x7e, 0xaf, 0xe7, 0xc7, 
  0x8f, 0xc5, 0xff, 0x00, 0x78, 0xda, 0x24, 0x38, 0x89, 0xe8, 0xf7, 0xe9, 0x4c, 0xbe, 0x83, 0x98, 
  0x38, 0xb4, 0xdc, 0x49, 0x8b, 0x99, 0x21, 0x0b, 0x53, 0xe1, 0xa9, 0x15, 0x3c, 0x6b, 0x9a, 0x70, 
  0xe5, 0xbe, 0x61, 0xba, 0xff, 0x00, 0x9c, 0x5b, 0xfc, 0xc7, 0xbc, 0xbb, 0xb8, 0xbd, 0xba, 0xd6, 
  0xf4, 0xa9, 0x2e, 0xae, 0xe5, 0x92, 0xe2, 0xe1, 0xff, 0x00, 0xd2, 0x4d, 0x65, 0x95, 0x8b, 0xb9, 
  0xfe, 0xef, 0xf9, 0x9b, 0x3a, 0x48, 0x76, 0xce, 0x28, 0x80, 0x04, 0x65, 0x51, 0xfe, 0xab, 0x81, 
  0x2d, 0x2c, 0x89, 0xbb, 0x53, 0xff, 0x00, 0xa1, 0x51, 0xf3, 0xf7, 0xfd, 0x5e, 0x34, 0xaf, 0xfa, 
  0x79, 0xff, 0x00, 0xaa, 0x78, 0x7f, 0x96, 0xf1, 0xff, 0x00, 0x36, 0x7f, 0xec, 0x51, 0xf9, 0x39, 
  0x25, 0xfa, 0xcf, 0xfc, 0xe3, 0x1f, 0xe6, 0x5e, 0x9f, 0x6c, 0x93, 0x59, 0xb5, 0x96, 0xb1, 0x23, 
  0x38, 0x46, 0xb7, 0xb5, 0x90, 0xc4, 0xea, 0xa4, 0x13, 0xcc, 0x9b, 0x81, 0x1a, 0x71, 0x14, 0xa5, 
  0x03, 0x72, 0xf8, 0xb2, 0x70, 0xed, 0x9c, 0x24, 0xee, 0x25, 0x1f, 0xc7, 0xf4, 0x58, 0xcb, 0x49, 
  0x2a, 0xd9, 0x27, 0xff, 0x00, 0x95, 0x01, 0xf9, 0xc1, 0xff, 0x00, 0x56, 0x01, 0xff, 0x00, 0x49, 
  0x76, 0xbf, 0xf5, 0x53, 0x2d, 0x3d, 0xad, 0xa7, 0xef, 0x3f, 0xe9, 0x64, 0xc3, 0xf2, 0xb3, 0xee, 
  0x4e, 0xf4, 0x5f, 0xf9, 0xc6, 0x0f, 0xcc, 0x6d, 0x42, 0xcc, 0xdc, 0x5e, 0xcf, 0x65, 0xa3, 0xcd, 
  0xcd, 0x93, 0xea, 0x77, 0x0c, 0xd3, 0x3f, 0x15, 0xe8, 0xfc, 0xe0, 0x2e, 0x94, 0x6f, 0x0a, 0xf2, 
  0xca, 0x72, 0x76, 0xce, 0x20, 0x68, 0x09, 0x4b, 0xfd, 0x8b, 0x64, 0x74, 0x86, 0xb7, 0x47, 0xff, 
  0x00, 0xd0, 0xa7, 0xf9, 0xe3, 0xfe, 0xaf, 0x9a, 0x67, 0xfc, 0x05, 0xc7, 0xf4, 0xca, 0xff, 0x00, 
  0x96, 0xf1, 0xff, 0x00, 0x36, 0x4c, 0xbf, 0x26, 0x55, 0x6d, 0x7f, 0xe7, 0x16, 0x7f, 0x30, 0x6c, 
  0xee, 0xed, 0xef, 0x6d, 0x75, 0xed, 0x32, 0x3b, 0xab, 0x49, 0x63, 0xb8, 0xb7, 0x7e, 0x17, 0x1b, 
  0x49, 0x13, 0x07, 0x43, 0xd3, 0xf9, 0x97, 0x04, 0xbb, 0x67, 0x1c, 0xa2, 0x41, 0x8c, 0xaa, 0x41, 
  0x31, 0xd2, 0x10, 0x6e, 0xdf, 0x4e, 0x43, 0xeb, 0x7a, 0x29, 0xeb, 0x85, 0x13, 0x71, 0x1e, 0xa0, 
  0x4a, 0x95, 0xe5, 0x4f, 0x8b, 0x8d, 0x77, 0xe3, 0x5e, 0x99, 0xce, 0xb9, 0xcf, 0x38, 0xf3, 0x66, 
  0x81, 0xf9, 0x81, 0xaf, 0x7e, 0x60, 0x49, 0x0e, 0x8f, 0xae, 0x5e, 0x79, 0x67, 0x46, 0xb4, 0xd2, 
  0xe1, 0x64, 0xbe, 0x82, 0x08, 0x67, 0x8a, 0xe2, 0xed, 0xe7, 0x93, 0x9a, 0x11, 0x2f, 0x5f, 0x4e, 
  0x30, 0x99, 0x99, 0x8b, 0x2e, 0x28, 0x63, 0xf5, 0x44, 0x64, 0x91, 0x97, 0xf5, 0x7d, 0x2d, 0x52, 
  0x12, 0x27, 0x62, 0xc8, 0x3c, 0x95, 0xa2, 0x79, 0xfb, 0x4c, 0x96, 0xed, 0x7c, 0xd1, 0xe6, 0x38, 
  0x75, 0xfb, 0x76, 0x58, 0xc5, 0x89, 0x4b, 0x34, 0xb4, 0x91, 0x08, 0xe5, 0xcc, 0xc8, 0x50, 0x90, 
  0xfc, 0xbe, 0x1c, 0xab, 0x3c, 0xf1, 0xc8, 0xfa, 0x23, 0xe1, 0xff, 0x00, 0x9d, 0xc6, 0xca, 0x00, 
  0x8e, 0x66, 0xd9, 0x56, 0x50, 0xcd, 0xff, 0xd1, 0xf5, 0x46, 0x2a, 0xe3, 0x80, 0xab, 0xe7, 0x7f, 
  0x3e, 0xd8, 0x45, 0x7d, 0xe6, 0x3d, 0x6b, 0x40, 0xf3, 0x4e, 0x9b, 0x71, 0xa3, 0xcd, 0x78, 0xa2, 
  0x7f, 0xf1, 0x06, 0x87, 0x49, 0x61, 0xbf, 0xb5, 0x89, 0x81, 0x8a, 0xe6, 0xe7, 0x4c, 0x90, 0x33, 
  0xcd, 0x25, 0x9f, 0x4b, 0x99, 0xad, 0x79, 0xdd, 0x5b, 0x7f, 0x93, 0x6a, 0xdc, 0xb3, 0x73, 0xa6, 
  0x99, 0x84, 0x63, 0x38, 0x11, 0x2e, 0x1f, 0xe0, 0xc9, 0xfc, 0x1f, 0xd1, 0xe3, 0xfe, 0x9f, 0xf0, 
  0xff, 0x00, 0x0f, 0xf9, 0xce, 0x34, 0xc5, 0x92, 0x0b, 0xcf, 0x3c, 0xbd, 0xaa, 0x69, 0x1a, 0x67, 
  0x91, 0xfc, 0xc1, 0xe5, 0xdd, 0x49, 0x2d, 0xdf, 0x51, 0xd3, 0xb5, 0x18, 0xf5, 0x29, 0xee, 0x61, 
  0x93, 0xd6, 0x4b, 0xeb, 0x25, 0x85, 0xed, 0x94, 0xc2, 0xc2, 0xab, 0x24, 0x76, 0xcd, 0x2c, 0x53, 
  0xc7, 0xc4, 0xff, 0x00, 0x73, 0x27, 0x3f, 0xb4, 0xb2, 0x66, 0xc7, 0x34, 0x25, 0x2c, 0x90, 0x9c, 
  0x6f, 0x86, 0x71, 0xe0, 0xfe, 0xa4, 0xfe, 0xaf, 0x57, 0xf5, 0xdc, 0x78, 0xd0, 0x89, 0x8b, 0xe8, 
  0x9f, 0xcb, 0xff, 0x00, 0x39, 0x5f, 0x4d, 0xe6, 0x2d, 0x47, 0xc9, 0xfa, 0xa4, 0x5c, 0x25, 0xd3, 
  0x20, 0xb5, 0x3a, 0x5d, 0xcf, 0xfb, 0xfe, 0x38, 0xed, 0x2d, 0xfe, 0xb4, 0x8d, 0xff, 0x00, 0x16, 
  0xc3, 0x3c, 0xca, 0xff, 0x00, 0xe5, 0x45, 0x3a, 0x7f, 0x2e, 0x68, 0x75, 0x38, 0x80, 0x88, 0x98, 
  0x3f, 0x51, 0x97, 0xfb, 0xa9, 0x70, 0xb9, 0x98, 0xe7, 0xbd, 0x3d, 0x0b, 0x31, 0x1b, 0x5e, 0x15, 
  0xf9, 0xa3, 0x61, 0xa9, 0xe9, 0xdf, 0x9c, 0x7f, 0x97, 0xf7, 0x07, 0x5b, 0xbf, 0xb9, 0xb6, 0xd5, 
  0x35, 0x46, 0x23, 0x4e, 0x92, 0x40, 0x96, 0xd6, 0xe9, 0x19, 0x8b, 0xe0, 0x89, 0x62, 0x09, 0xc9, 
  0x5c, 0x9f, 0x8f, 0xd6, 0xf5, 0x33, 0x6d, 0xa3, 0xa9, 0x69, 0xf2, 0x7a, 0x45, 0xc6, 0x3f, 0x57, 
  0xf1, 0x38, 0xf9, 0x2f, 0x88, 0x20, 0xbc, 0xc5, 0x7a, 0xcd, 0xf9, 0xad, 0xe6, 0x4b, 0x5f, 0xcc, 
  0x6b, 0x4d, 0x4a, 0xe3, 0x46, 0x7b, 0x60, 0x9e, 0x4d, 0x82, 0xd2, 0x3b, 0xb9, 0x6d, 0xc9, 0x20, 
  0x54, 0xc2, 0xb6, 0x95, 0xa5, 0xdc, 0xa7, 0xa4, 0xaf, 0xf1, 0xa3, 0xab, 0x2f, 0x34, 0x5e, 0x39, 
  0x2c, 0x62, 0xb0, 0xc4, 0xe2, 0x31, 0xe3, 0xbf, 0xde, 0xf1, 0x70, 0xff, 0x00, 0xbf, 0xff, 0x00, 
  0x26, 0x89, 0x1f, 0x51, 0xbe, 0x4c, 0x6f, 0xca, 0x8f, 0xe7, 0x5f, 0x3d, 0xe8, 0x7e, 0x53, 0x86, 
  0x7b, 0xdb, 0xd7, 0xbc, 0xb0, 0xfd, 0x2d, 0xa7, 0xc9, 0x78, 0x9a, 0xa8, 0xd3, 0xa6, 0x91, 0xe3, 
  0x6b, 0x77, 0x83, 0xd7, 0x7a, 0x49, 0x2d, 0xc7, 0xa6, 0x85, 0xd1, 0xfd, 0x18, 0x24, 0x76, 0xe3, 
  0xc9, 0x9d, 0x7e, 0x36, 0xcc, 0x8d, 0x44, 0x71, 0xe0, 0x9c, 0xa8, 0x0a, 0x97, 0x04, 0xf8, 0x78, 
  0x78, 0xe3, 0xfc, 0x5f, 0xe6, 0xff, 0x00, 0xb2, 0x61, 0x13, 0x29, 0x00, 0x19, 0xbf, 0x92, 0xbf, 
  0x30, 0xf4, 0x2f, 0x24, 0x69, 0xfe, 0x6b, 0xd3, 0xbc, 0xcb, 0x61, 0x79, 0xa6, 0xeb, 0x5e, 0x5d, 
  0x58, 0xae, 0xf5, 0x39, 0x2e, 0x6f, 0x64, 0xd5, 0x1e, 0xf9, 0x66, 0xa4, 0x76, 0xe6, 0x0b, 0x89, 
  0x42, 0x1f, 0x8c, 0x98, 0xe3, 0x8e, 0x2e, 0x11, 0xa2, 0x73, 0xff, 0x00, 0x8c, 0xbc, 0x70, 0xb3, 
  0x69, 0x65, 0x90, 0xc6, 0x50, 0xe1, 0x31, 0xcb, 0xf4, 0xed, 0xe1, 0xf0, 0xff, 0x00, 0x5a, 0x2d, 
  0xb1, 0x9d, 0x58, 0x3d, 0x18, 0xd7, 0x96, 0x7c, 0xf1, 0x6b, 0x3f, 0xe7, 0x7e, 0x91, 0xaf, 0x6b, 
  0x5e, 0x66, 0xb4, 0xb8, 0x8e, 0xfb, 0x4d, 0x99, 0x66, 0x8e, 0xda, 0xe4, 0x3d, 0x85, 0x94, 0xf3, 
  0x3f, 0x1b, 0x7d, 0x3e, 0x37, 0x07, 0x84, 0x92, 0xaa, 0xd1, 0x9e, 0x43, 0xfd, 0xec, 0xce, 0xec, 
  0xbf, 0x0f, 0x0c, 0xc8, 0xcb, 0xa7, 0xad, 0x31, 0x02, 0x27, 0xd3, 0x3e, 0xef, 0x5c, 0xbf, 0x9d, 
  0x36, 0x31, 0x9f, 0xaf, 0x73, 0xd1, 0xf4, 0xa6, 0x69, 0x1c, 0x97, 0x62, 0xaa, 0x70, 0x4f, 0x04, 
  0xf1, 0x89, 0x60, 0x91, 0x25, 0x8c, 0xd6, 0x8e, 0x8c, 0x19, 0x49, 0x1b, 0x1d, 0xc6, 0x24, 0x57, 
  0x35, 0x54, 0xc5, 0x5d, 0x8a, 0xbf, 0xff, 0xd2, 0xf5, 0x46, 0x2a, 0xec, 0x55, 0x8c, 0x7e, 0x61, 
  0xe9, 0xf6, 0x57, 0x3e, 0x5b, 0x96, 0x5b, 0x9d, 0x0a, 0x6f, 0x30, 0x7d, 0x51, 0xd6, 0xe2, 0x2b, 
  0x3b, 0x36, 0x11, 0xde, 0xa3, 0x21, 0xfe, 0xfa, 0xd2, 0x4e, 0x51, 0xba, 0x5c, 0x46, 0x37, 0x4f, 
  0x4a, 0x44, 0x95, 0xbe, 0xc2, 0x7f, 0x2e, 0x5d, 0xa7, 0x91, 0x13, 0xda, 0x5c, 0x17, 0xfc, 0xef, 
  0xa3, 0xfc, 0xf6, 0x33, 0x1b, 0x3e, 0x5f, 0xf3, 0x2f, 0x92, 0xfc, 0xb5, 0xad, 0xd9, 0x5d, 0x79, 
  0x8b, 0xcb, 0xda, 0x8e, 0xa5, 0x6f, 0x34, 0xad, 0xc9, 0x2d, 0xb5, 0xbb, 0x44, 0x48, 0xa5, 0x99, 
  0x7f, 0xbc, 0x8d, 0xaf, 0xad, 0xeb, 0x6f, 0x0d, 0xc1, 0x22, 0x9e, 0x9d, 0xef, 0xa4, 0xd2, 0x3f, 
  0xc3, 0x23, 0x7c, 0x5c, 0xf3, 0xa2, 0xd3, 0xea, 0xa7, 0x8e, 0xa1, 0x21, 0x12, 0x3f, 0x9d, 0x0f, 
  0xe1, 0x8f, 0xf5, 0x3f, 0xe2, 0x1c, 0x0c, 0x98, 0x81, 0xdc, 0x27, 0x3a, 0x37, 0x9d, 0x67, 0xf3, 
  0xef, 0x99, 0xe1, 0xd3, 0x56, 0x36, 0xb1, 0xd6, 0xf5, 0xcb, 0x3b, 0xc4, 0xbc, 0x28, 0xfe, 0x94, 
  0x71, 0xea, 0x09, 0xa6, 0xbd, 0xba, 0xbd, 0xbc, 0x83, 0x75, 0x8e, 0xe5, 0x6d, 0xec, 0xdb, 0x87, 
  0xdb, 0x86, 0x68, 0x3f, 0xdd, 0x9f, 0x0b, 0x65, 0x79, 0x34, 0xa3, 0x0c, 0x0c, 0x8f, 0xaa, 0x11, 
  0x31, 0xff, 0x00, 0x49, 0xc7, 0xfe, 0xf3, 0xf7, 0x9e, 0xaf, 0xe2, 0xe2, 0x65, 0x1c, 0xbc, 0x52, 
  0xa1, 0xf5, 0x1f, 0xd4, 0xf4, 0xdf, 0x29, 0xfe, 0x75, 0x5b, 0xe9, 0x9a, 0x26, 0x97, 0x07, 0x9b, 
  0xa5, 0x79, 0x1a, 0x47, 0x8e, 0x07, 0xd7, 0x02, 0x00, 0xbe, 0x9c, 0xd1, 0x17, 0x86, 0x6b, 0xb8, 
  0xd7, 0x78, 0x5d, 0x65, 0x86, 0xea, 0xca, 0xf3, 0x8f, 0xc3, 0x0d, 0xd5, 0xa4, 0x8e, 0xfc, 0x22, 
  0x93, 0xe0, 0xd6, 0xe5, 0xd0, 0x99, 0x48, 0xf8, 0x7f, 0xe9, 0x3f, 0xdd, 0x70, 0x7f, 0xa6, 0x84, 
  0xe3, 0xfd, 0x09, 0x39, 0x11, 0xca, 0x3a, 0xab, 0x79, 0xc3, 0xf2, 0xdf, 0xcc, 0x9e, 0x71, 0xf3, 
  0x7d, 0xb6, 0xb7, 0x67, 0xe7, 0x3b, 0x38, 0x1b, 0xcb, 0xb3, 0x89, 0xb4, 0x8b, 0x48, 0xac, 0x92, 
  0x66, 0xb4, 0x79, 0x55, 0x1c, 0x7a, 0xe7, 0xd6, 0xfd, 0xe9, 0x91, 0x55, 0x59, 0x79, 0xaa, 0x72, 
  0x8d, 0xbe, 0x0f, 0xb5, 0xcb, 0x06, 0x9f, 0x55, 0x1c, 0x58, 0xcc, 0x4c, 0x2f, 0xc4, 0xfa, 0xbd, 
  0x49, 0x9e, 0x33, 0x23, 0x77, 0xc9, 0x33, 0xba, 0xfc, 0xb4, 0xf3, 0x5c, 0x7a, 0xfd, 0xf6, 0xbf, 
  0xa4, 0xf9, 0x95, 0x2d, 0x35, 0x8d, 0x6a, 0xc2, 0xde, 0xc7, 0x56, 0xb9, 0x96, 0xda, 0x49, 0x96, 
  0x27, 0x81, 0x02, 0xb4, 0xf6, 0x30, 0xfa, 0xeb, 0x1c, 0x46, 0x42, 0x39, 0x04, 0x97, 0xd6, 0xf4, 
  0x9b, 0xec, 0xb7, 0xc6, 0xf9, 0x54, 0x75, 0x50, 0xe1, 0x11, 0x94, 0x7d, 0x30, 0x26, 0x51, 0xff, 
  0x00, 0x8f, 0xed, 0xea, 0x49, 0x81, 0xbb, 0xb5, 0x28, 0x7f, 0x23, 0xb4, 0x7d, 0x2e, 0xd7, 0xcb, 
  0x8f, 0xe5, 0xcb, 0xa5, 0xb4, 0xd5, 0xfc, 0xb0, 0xb3, 0x8b, 0x3b, 0xeb, 0xe8, 0x16, 0xf5, 0x65, 
  0x37, 0x67, 0x94, 0xd2, 0x4d, 0x1f, 0x28, 0x7f, 0x7a, 0x5f, 0xe2, 0x8e, 0x44, 0x91, 0x7d, 0x3f, 
  0xb3, 0xf6, 0x71, 0x3a, 0xe9, 0x48, 0xcb, 0x88, 0x5c, 0x67, 0x5e, 0x91, 0xe9, 0xfa, 0x7e, 0x94, 
  0xf8, 0x75, 0xc9, 0x35, 0xf2, 0x9f, 0xe5, 0x7d, 0xa6, 0x93, 0xa9, 0xea, 0xfa, 0xde, 0xbb, 0x7a, 
  0x7c, 0xc5, 0xe6, 0x0d, 0x70, 0xc6, 0xb7, 0xf7, 0x97, 0x30, 0xa4, 0x70, 0x88, 0xa1, 0xa1, 0x8e, 
  0x18, 0x6d, 0xc7, 0x34, 0x48, 0xd2, 0x8b, 0xf6, 0x99, 0xdb, 0xe1, 0x5f, 0x8b, 0x21, 0x9b, 0x56, 
  0x64, 0x04, 0x62, 0x38, 0x23, 0x0f, 0xc7, 0x12, 0x63, 0x0e, 0xfd, 0xd2, 0x4b, 0x9f, 0xc9, 0x89, 
  0x8f, 0x9e, 0x13, 0xce, 0x1f, 0xe2, 0x18, 0xed, 0xc5, 0xa3, 0x11, 0x0d, 0x80, 0xd3, 0x6c, 0xd6, 
  0xde, 0x3b, 0x21, 0x27, 0xa8, 0x60, 0x3b, 0x0a, 0xb0, 0x1b, 0x7d, 0x69, 0xbf, 0x7c, 0xb9, 0x70, 
  0xd7, 0x7e, 0xeb, 0xc3, 0xe1, 0xe7, 0xfc, 0x5c, 0x52, 0xe2, 0xe2, 0xfc, 0x7f, 0x0b, 0x59, 0xc5, 
  0xbd, 0xdf, 0xd8, 0xf4, 0xcb, 0x2b, 0xdb, 0x3b, 0xdb, 0x48, 0xae, 0xec, 0xa7, 0x8e, 0xe6, 0xd2, 
  0x75, 0x0f, 0x0d, 0xc4, 0x2e, 0x24, 0x8d, 0xd4, 0xf4, 0x65, 0x75, 0x25, 0x58, 0x7c, 0xb3, 0x00, 
  0x82, 0x39, 0xb7, 0xdb, 0x06, 0xfc, 0xea, 0xd6, 0xed, 0x2d, 0x7c, 0x9f, 0x71, 0xa3, 0x4f, 0x7f, 
  0x36, 0x8c, 0xda, 0xfc, 0x72, 0x59, 0x5b, 0xeb, 0xde, 0x9b, 0x9b, 0x3b, 0x59, 0x48, 0x1c, 0x56, 
  0xee, 0x74, 0xde, 0xde, 0x3b, 0x8a, 0xfa, 0x1e, 0xa5, 0x3f, 0x69, 0xdb, 0xf6, 0x33, 0x2f, 0x47, 
  0x02, 0x67, 0x60, 0x71, 0xf0, 0x7a, 0xb8, 0x7f, 0x8b, 0xfc, 0xdf, 0xe7, 0x30, 0xc8, 0x76, 0xa7, 
  0x9b, 0xf9, 0x37, 0x4a, 0xf4, 0x3c, 0xd1, 0x6b, 0xa7, 0x79, 0x7d, 0x6e, 0xff, 0x00, 0x2e, 0xbc, 
  0xd7, 0x2a, 0x09, 0xee, 0x34, 0x5e, 0x27, 0x50, 0xd0, 0x35, 0x4b, 0x68, 0x82, 0xfa, 0xb3, 0xdb, 
  0x35, 0x4c, 0x75, 0xf4, 0xfe, 0x25, 0x75, 0x75, 0x65, 0xff, 0x00, 0x5b, 0xe3, 0xcc, 0xcc, 0xf2, 
  0xb8, 0x5c, 0xb8, 0x73, 0x63, 0xfe, 0x19, 0x7d, 0x19, 0x31, 0xcb, 0xfa, 0x4d, 0x50, 0x1b, 0xf7, 
  0x17, 0xd1, 0x19, 0xa8, 0x72, 0x1d, 0x8a, 0xbf, 0xff, 0xd3, 0xf5, 0x46, 0x2a, 0xec, 0x55, 0xd8, 
  0xab, 0xcf, 0x3f, 0x32, 0xfc, 0xad, 0xa6, 0xac, 0x2f, 0xad, 0xd8, 0x79, 0x42, 0x4d, 0x73, 0x55, 
  0x7a, 0xad, 0xe3, 0xe9, 0xb7, 0x5f, 0xa3, 0xaf, 0x1a, 0x3a, 0x75, 0x66, 0x42, 0x9f, 0x5a, 0xf0, 
  0xf4, 0xdf, 0x9f, 0xfa, 0xad, 0x99, 0x5a, 0x6c, 0xa6, 0xf8, 0x4c, 0xb8, 0x63, 0xfd, 0x28, 0xf8, 
  0x91, 0x6a, 0x9c, 0x07, 0x30, 0x1e, 0x09, 0xad, 0xf9, 0x67, 0xc8, 0xb2, 0x59, 0xca, 0xf6, 0xba, 
  0x74, 0xfe, 0x5c, 0xd6, 0x23, 0x6f, 0x56, 0x36, 0x6d, 0x52, 0x57, 0xba, 0x8a, 0x50, 0x6a, 0x16, 
  0x4b, 0x4b, 0xa8, 0x2d, 0xdb, 0xaf, 0xfc, 0xb3, 0xcb, 0xea, 0x2b, 0x7d, 0x87, 0xcd, 0xde, 0x3c, 
  0xd9, 0x41, 0xdc, 0xf8, 0x91, 0xfe, 0xaf, 0xa7, 0xfd, 0x3c, 0x78, 0x9c, 0x43, 0x18, 0xf7, 0x70, 
  0x9f, 0x7f, 0xfc, 0x52, 0x53, 0xa3, 0x6a, 0xfe, 0x77, 0xb0, 0x6b, 0xcd, 0x7b, 0x5b, 0xd2, 0xb5, 
  0x5b, 0x9d, 0x36, 0xf5, 0x02, 0x1d, 0x57, 0xea, 0x8e, 0xa2, 0x1b, 0xc8, 0xe5, 0x59, 0xe1, 0xbc, 
  0x02, 0x44, 0x58, 0xa4, 0x3e, 0xa4, 0x7f, 0xe9, 0x09, 0x27, 0x08, 0xee, 0xa3, 0x96, 0x55, 0x95, 
  0xf9, 0x48, 0xfc, 0xaf, 0xcb, 0x8f, 0x14, 0x80, 0x8c, 0x4c, 0x38, 0xbf, 0x9b, 0xc5, 0xf5, 0x42, 
  0xb8, 0x65, 0x8f, 0xfe, 0xa9, 0xff, 0x00, 0x31, 0x84, 0x65, 0x21, 0x64, 0x84, 0xe3, 0xcb, 0x3e, 
  0x66, 0xd1, 0xaf, 0x6e, 0x06, 0xad, 0x63, 0x72, 0x74, 0x3d, 0x7f, 0x4c, 0x55, 0xb7, 0xb6, 0x81, 
  0x27, 0x58, 0xe6, 0x92, 0xc5, 0xbf, 0x78, 0x89, 0x66, 0x65, 0x65, 0x82, 0xec, 0xe9, 0xf3, 0x7a, 
  0x90, 0xc5, 0x65, 0x79, 0xfe, 0xf5, 0x69, 0x92, 0x45, 0x6b, 0xc9, 0x27, 0x82, 0x19, 0x32, 0x9c, 
  0xfa, 0x79, 0x47, 0xd2, 0x47, 0x1c, 0x25, 0xe5, 0xfc, 0x7f, 0xce, 0x97, 0xf1, 0x43, 0xc5, 0x8f, 
  0xfa, 0x4c, 0xbf, 0xbc, 0xfa, 0x5b, 0x21, 0x90, 0x1d, 0xc7, 0xe3, 0xf1, 0xfe, 0xe5, 0x92, 0xf9, 
  0x73, 0xce, 0x1e, 0x6a, 0x96, 0xc3, 0x53, 0xb8, 0xd2, 0x7c, 0xc5, 0x3d, 0xe6, 0x8c, 0x8e, 0xd1, 
  0x5e, 0xc0, 0xa6, 0x59, 0xe3, 0xb0, 0x72, 0x09, 0x05, 0x24, 0x2a, 0xfa, 0x95, 0xb5, 0x94, 0xc0, 
  0xf3, 0xb3, 0xbb, 0x54, 0xba, 0xfa, 0x93, 0xab, 0xda, 0x5f, 0xda, 0xc8, 0xb0, 0x7a, 0xcd, 0x87, 
  0x97, 0x4f, 0x00, 0x40, 0x94, 0x78, 0x65, 0xfc, 0x3f, 0xd3, 0xff, 0x00, 0xa7, 0x7c, 0x7f, 0xce, 
  0x87, 0xa7, 0x8f, 0xeb, 0x84, 0xfd, 0x5c, 0x2d, 0xb1, 0x99, 0xe7, 0x7f, 0x8f, 0xc7, 0xd2, 0xa0, 
  0x75, 0xdf, 0x33, 0x6b, 0x9e, 0x59, 0xb9, 0x69, 0x3c, 0xc7, 0x79, 0xab, 0x69, 0xd6, 0x92, 0xb7, 
  0x3b, 0x84, 0x96, 0xde, 0x3b, 0x8b, 0x79, 0x56, 0xbf, 0xbb, 0x9c, 0xda, 0xbd, 0xbd, 0xca, 0x37, 
  0x13, 0xf0, 0x5c, 0xda, 0xfe, 0x90, 0xb2, 0xb9, 0x8f, 0xf7, 0x9e, 0x82, 0x7d, 0x85, 0x98, 0xc5, 
  0x18, 0xcc, 0x7a, 0x44, 0x65, 0x2f, 0x7f, 0x0c, 0xff, 0x00, 0xab, 0xf5, 0x43, 0xfc, 0xcf, 0xdd, 
  0xcb, 0xfa, 0x4b, 0xc4, 0x6b, 0x9a, 0x45, 0x6f, 0xf9, 0xab, 0x77, 0xa2, 0xe9, 0x16, 0xf7, 0xbe, 
  0x5f, 0xf3, 0x65, 0xc8, 0xd4, 0xc1, 0xf4, 0xff, 0x00, 0x43, 0xdf, 0x45, 0x75, 0x70, 0xce, 0xc0, 
  0xd0, 0xac, 0xaa, 0xef, 0x2d, 0x9b, 0x09, 0x3f, 0x66, 0x78, 0x1e, 0xde, 0x46, 0xff, 0x00, 0x7d, 
  0x72, 0xcc, 0x83, 0xa1, 0x32, 0x91, 0x12, 0x87, 0xa7, 0xf9, 0xf1, 0xe1, 0x8f, 0xfc, 0x4c, 0xbf, 
  0xcc, 0x6a, 0x19, 0xa8, 0x6c, 0x7f, 0xcd, 0x64, 0x56, 0x37, 0xdf, 0x9b, 0x7f, 0x9e, 0x68, 0xf6, 
  0xc2, 0xe2, 0x0f, 0x2f, 0x79, 0x3a, 0x07, 0x10, 0x6a, 0x6f, 0x6f, 0xc8, 0x89, 0x64, 0x00, 0x33, 
  0xa5, 0x09, 0xf5, 0x27, 0x6a, 0x32, 0xb7, 0xa4, 0xcd, 0x1d, 0xba, 0x7c, 0x3e, 0xa7, 0xaa, 0xd9, 
  0x54, 0xe1, 0x83, 0x44, 0x6f, 0xfb, 0xdc, 0xbf, 0xc2, 0xca, 0x32, 0x96, 0x5f, 0xe8, 0xc5, 0xed, 
  0xbe, 0x5c, 0xd0, 0xbc, 0xb1, 0xe4, 0x0f, 0x2e, 0x59, 0x79, 0x67, 0x4a, 0xb8, 0x8e, 0x07, 0x94, 
  0xc8, 0xba, 0x74, 0x57, 0xd7, 0x00, 0x3d, 0xd5, 0xdb, 0x82, 0xed, 0xd7, 0xbb, 0xb7, 0xc4, 0xcb, 
  0x0a, 0x7c, 0x3f, 0xb1, 0x1e, 0x69, 0xb3, 0x66, 0x9e, 0x69, 0x99, 0xcb, 0x7f, 0xe7, 0x70, 0xb9, 
  0x40, 0x08, 0x8a, 0x0f, 0x0b, 0xd7, 0x34, 0xff, 0x00, 0x32, 0xf9, 0xab, 0xcc, 0x7a, 0x9a, 0xfa, 
  0xf7, 0xba, 0x6f, 0x9d, 0x22, 0x8c, 0x0f, 0x32, 0x79, 0x11, 0xef, 0x5e, 0x3b, 0x7d, 0x46, 0xd5, 
  0x13, 0x87, 0xaf, 0xa5, 0x4a, 0xfc, 0xe2, 0x68, 0xd9, 0x47, 0x2f, 0x4a, 0x58, 0xe4, 0x5e, 0x7f, 
  0xf0, 0xfb, 0x7c, 0x53, 0x86, 0x28, 0x8d, 0xa3, 0x2c, 0x67, 0xfb, 0xbc, 0xdc, 0x3f, 0xdd, 0xcf, 
  0xfd, 0xb7, 0xfa, 0xad, 0x13, 0x89, 0x91, 0xeb, 0xfd, 0x57, 0xb1, 0x7e, 0x4e, 0xf9, 0x25, 0x3c, 
  0xb1, 0xe5, 0x95, 0x58, 0x6e, 0xf5, 0x46, 0xb2, 0xbd, 0x09, 0x3d, 0x9e, 0x93, 0xac, 0x08, 0xc4, 
  0xda, 0x7a, 0x90, 0x4b, 0x42, 0x16, 0x31, 0x44, 0x2c, 0xc7, 0x94, 0x80, 0x7c, 0x3f, 0xe4, 0x2f, 
  0xc5, 0x9a, 0xbd, 0x66, 0x7f, 0x12, 0x56, 0x44, 0x78, 0x87, 0xf1, 0x43, 0xf8, 0xdb, 0xb1, 0xc3, 
  0x84, 0x33, 0xec, 0xc5, 0x6c, 0x76, 0x2a, 0xff, 0x00, 0xff, 0xd4, 0xf5, 0x46, 0x2a, 0xec, 0x55, 
  0xd8, 0xab, 0xb1, 0x54, 0x97, 0xcd, 0x9a, 0x36, 0xbb, 0xab, 0xe9, 0x86, 0xd3, 0x47, 0xd7, 0x65, 
  0xd0, 0x2e, 0x49, 0xab, 0x5e, 0x41, 0x0c, 0x33, 0xb1, 0x5a, 0x53, 0x8f, 0x19, 0x81, 0x0b, 0xfe, 
  0xb2, 0xf1, 0x6c, 0xb3, 0x14, 0xe3, 0x13, 0x64, 0x71, 0xa0, 0x83, 0xd1, 0xe5, 0x7e, 0x63, 0xfc, 
  0xba, 0xd5, 0xf4, 0x9d, 0x16, 0x6b, 0xdf, 0x32, 0xf9, 0xb1, 0xa7, 0xb4, 0x89, 0x42, 0x4b, 0x7c, 
  0xd0, 0xea, 0x57, 0xb7, 0x72, 0x72, 0x3b, 0x2a, 0xdb, 0x8b, 0xb6, 0x80, 0x16, 0x3f, 0xb2, 0xb6, 
  0xcc, 0x9f, 0xe4, 0xe6, 0x7e, 0x3d, 0x54, 0x65, 0x2a, 0x8c, 0x39, 0xff, 0x00, 0x0f, 0xa6, 0x3f, 
  0xec, 0xf8, 0x78, 0xbf, 0xd9, 0x34, 0x4b, 0x19, 0x1c, 0xcb, 0xce, 0x6c, 0xfc, 0xaf, 0xe4, 0x7d, 
  0x57, 0x4d, 0x36, 0x1a, 0x0f, 0x95, 0xee, 0x2f, 0x24, 0x2c, 0x4a, 0xde, 0x5e, 0x0b, 0xfb, 0x8d, 
  0x5e, 0x52, 0x68, 0x2a, 0x61, 0xb4, 0x5b, 0x7b, 0x2b, 0x38, 0xfc, 0x16, 0xe6, 0xed, 0x51, 0x7f, 
  0x6a, 0x3c, 0xcf, 0x96, 0xa3, 0x2c, 0x65, 0x72, 0x9d, 0x7f, 0xa5, 0x86, 0x3f, 0xf6, 0x7e, 0xa9, 
  0xff, 0x00, 0x9b, 0x06, 0x9e, 0x08, 0x9d, 0x80, 0x4a, 0x57, 0xf2, 0xdf, 0x42, 0xd2, 0xe3, 0xb9, 
  0x8b, 0x57, 0xd4, 0xa5, 0xfd, 0x3f, 0x04, 0xde, 0x91, 0x8a, 0xce, 0xe6, 0x28, 0xad, 0x2c, 0x9b, 
  0xa8, 0xb6, 0x9a, 0x70, 0x93, 0x4f, 0x7d, 0x7d, 0xb8, 0xe5, 0x69, 0xa6, 0xc3, 0x2b, 0xc7, 0xfb, 
  0x6d, 0xfb, 0x59, 0x71, 0xd7, 0x4e, 0x47, 0xd2, 0x07, 0x0d, 0x7f, 0x14, 0x78, 0xa7, 0x2f, 0xe9, 
  0x7f, 0x0c, 0x21, 0x0f, 0xe6, 0xf1, 0xb1, 0x18, 0x22, 0x3d, 0xed, 0xda, 0xfe, 0x57, 0xe8, 0xba, 
  0x5a, 0xbb, 0x79, 0xb4, 0x17, 0xd4, 0xa5, 0x51, 0x35, 0x96, 0x9f, 0x2b, 0xb5, 0x9a, 0x5a, 0xda, 
  0xb3, 0x15, 0x8e, 0xe2, 0xff, 0x00, 0x80, 0x9a, 0xe4, 0xcd, 0x70, 0xff, 0x00, 0x0d, 0xa6, 0x99, 
  0x6c, 0x1e, 0xf2, 0x66, 0x56, 0xfb, 0x1f, 0xbc, 0x68, 0x4c, 0xf5, 0xf2, 0x97, 0xd1, 0xcb, 0xac, 
  0xbe, 0xaf, 0x57, 0xf3, 0x61, 0xc5, 0xe8, 0xf4, 0xff, 0x00, 0x1c, 0xe5, 0xe8, 0x4e, 0x3c, 0x00, 
  0x73, 0x4e, 0xf4, 0x3f, 0x28, 0xc5, 0xa0, 0x6b, 0x4b, 0xa3, 0xae, 0x9f, 0x35, 0xd7, 0x99, 0x75, 
  0xe8, 0x4d, 0xcd, 0xbe, 0x98, 0x50, 0x47, 0x77, 0x06, 0x9d, 0xc8, 0xc7, 0x14, 0x0c, 0x54, 0xc8, 
  0xba, 0x7b, 0x5f, 0x49, 0xca, 0x5b, 0xfb, 0x9f, 0x55, 0xa6, 0xb1, 0xd3, 0xe1, 0xf4, 0x23, 0x77, 
  0xbd, 0x9b, 0x31, 0xb3, 0x6a, 0x0e, 0x48, 0xf1, 0x13, 0xe8, 0xc7, 0xe9, 0xfe, 0x87, 0x89, 0xf5, 
  0x4a, 0x5f, 0xd3, 0xf0, 0xff, 0x00, 0x83, 0xd3, 0xc3, 0x39, 0x7f, 0x45, 0x9c, 0x31, 0x88, 0x9f, 
  0xeb, 0x3d, 0x9f, 0x4b, 0x36, 0x1f, 0x97, 0x7e, 0x59, 0x87, 0xca, 0x7a, 0x3c, 0x70, 0x6a, 0x7e, 
  0x73, 0x96, 0xd6, 0xe3, 0x52, 0xb6, 0xd1, 0xd1, 0x96, 0xd3, 0xeb, 0xb3, 0x97, 0xe5, 0x3b, 0x46, 
  0x58, 0x70, 0x8e, 0x35, 0x26, 0x91, 0x46, 0x5b, 0x9f, 0xa3, 0x17, 0x0f, 0x8b, 0x87, 0x2c, 0xd5, 
  0xcc, 0x9c, 0xf2, 0xe3, 0x97, 0xa7, 0x1f, 0xd3, 0xc5, 0xf5, 0x70, 0x7f, 0x37, 0xfa, 0x5f, 0xf1, 
  0xe7, 0x22, 0x35, 0x11, 0x4f, 0x28, 0xd7, 0x35, 0x4b, 0xff, 0x00, 0x3c, 0xc9, 0x7d, 0xe4, 0xff, 
  0x00, 0x36, 0x1d, 0x3b, 0x55, 0xf3, 0xb6, 0x89, 0x70, 0xda, 0x8e, 0x81, 0x25, 0x83, 0x11, 0x69, 
  0x70, 0xca, 0x81, 0xef, 0x34, 0x5f, 0x55, 0x78, 0xb2, 0xdc, 0x22, 0x02, 0x8a, 0xca, 0xfe, 0xa7, 
  0x34, 0x8e, 0x4e, 0x7c, 0xe1, 0xf8, 0xf6, 0x58, 0xe0, 0x30, 0x81, 0x93, 0x1f, 0x14, 0x71, 0x4f, 
  0xd1, 0x3e, 0x2f, 0xae, 0x3f, 0xcc, 0xcd, 0xfd, 0x4f, 0xe9, 0x7f, 0xc5, 0x34, 0x92, 0x65, 0xb1, 
  0xe6, 0xf4, 0x6f, 0x20, 0x79, 0x17, 0xf4, 0xdd, 0xb6, 0x91, 0xae, 0x6b, 0xb7, 0x0f, 0xab, 0xe9, 
  0x76, 0x3e, 0x86, 0xa1, 0xe5, 0x19, 0x35, 0x18, 0xe4, 0x87, 0x5a, 0xb2, 0x24, 0x12, 0xf6, 0xf7, 
  0x73, 0xa9, 0x4f, 0xac, 0x46, 0x86, 0x94, 0xe6, 0x1b, 0xd5, 0xe3, 0xcd, 0xbe, 0x1e, 0x19, 0xae, 
  0xd4, 0x6a, 0x38, 0x49, 0x8c, 0x7d, 0x3c, 0x5e, 0x9c, 0x9c, 0x3f, 0xdd, 0x4f, 0xfa, 0x51, 0xfe, 
  0x6b, 0x6c, 0x63, 0x7b, 0x97, 0xac, 0x66, 0x13, 0x6b, 0xb1, 0x57, 0x62, 0xaf, 0xff, 0xd5, 0xf5, 
  0x46, 0x2a, 0xec, 0x55, 0xd8, 0xab, 0xb1, 0x57, 0x62, 0xae, 0xc5, 0x56, 0x4d, 0x12, 0xcd, 0x13, 
  0xc4, 0xf5, 0xe1, 0x22, 0x95, 0x6e, 0x24, 0xa9, 0xa1, 0x14, 0x34, 0x2b, 0x42, 0x3e, 0x63, 0x15, 
  0x63, 0x3e, 0x5b, 0xf2, 0xa7, 0xe5, 0xc7, 0x97, 0x75, 0x33, 0xa7, 0x68, 0x36, 0x1a, 0x7d, 0x96, 
  0xaf, 0x14, 0x3e, 0xbb, 0x45, 0x18, 0x46, 0xbc, 0x58, 0x1c, 0xf0, 0xf5, 0x09, 0x62, 0xd3, 0xfa, 
  0x6e, 0xdf, 0x0f, 0x2a, 0xfc, 0x4d, 0x97, 0x64, 0xcb, 0x96, 0x62, 0xe4, 0x64, 0x63, 0xfe, 0xc5, 
  0x80, 0x8c, 0x41, 0xd9, 0x8d, 0x97, 0xfc, 0xaf, 0xd0, 0xe7, 0xf3, 0x7f, 0x9d, 0x6c, 0x6c, 0x5f, 
  0x58, 0xd7, 0xf4, 0x39, 0x64, 0x7d, 0x76, 0xe4, 0x87, 0x9a, 0xf2, 0x39, 0x52, 0x30, 0x4c, 0x70, 
  0xb5, 0xc7, 0x14, 0x8d, 0x23, 0x87, 0xe1, 0x5f, 0x47, 0x8c, 0x6b, 0x12, 0xf1, 0xcb, 0xab, 0x34, 
  0xc4, 0x71, 0x93, 0xc3, 0x19, 0x7d, 0x1f, 0x8f, 0xeb, 0x23, 0xd2, 0x2c, 0xb0, 0xaf, 0x34, 0xfe, 
  0x6a, 0xc9, 0xa5, 0xf9, 0xf6, 0x7b, 0xcb, 0x5d, 0x47, 0x4b, 0xf2, 0xde, 0x9d, 0x79, 0x6b, 0xa6, 
  0x5f, 0xc5, 0x35, 0xf5, 0x8c, 0xd3, 0xc9, 0xac, 0xda, 0xdc, 0xc6, 0x0c, 0x85, 0xae, 0xa0, 0x0e, 
  0xf1, 0x2d, 0xa2, 0x7e, 0xee, 0x28, 0xd0, 0x7d, 0xbc, 0xcc, 0xc5, 0xa2, 0xe2, 0xc7, 0x55, 0x2c, 
  0x92, 0xb9, 0x43, 0xd3, 0x2f, 0xee, 0x65, 0x1f, 0xe8, 0xff, 0x00, 0x4d, 0xa8, 0xe4, 0xdf, 0xbb, 
  0xfd, 0xf3, 0x1c, 0xf3, 0xf6, 0x8f, 0xa8, 0xe8, 0x3a, 0x9e, 0x95, 0x6f, 0xa1, 0xea, 0xf7, 0xd7, 
  0xba, 0x24, 0x82, 0x4f, 0x30, 0x79, 0x13, 0x50, 0x8e, 0xd5, 0xf5, 0x19, 0xff, 0x00, 0x49, 0xca, 
  0xdb, 0x69, 0xd1, 0xdc, 0xab, 0x19, 0x3e, 0xab, 0x3a, 0xb0, 0x96, 0x5f, 0x53, 0xed, 0xf2, 0xf8, 
  0xf9, 0xfc, 0x59, 0x76, 0x9b, 0x24, 0x67, 0x12, 0x64, 0x22, 0x25, 0xfd, 0xde, 0x58, 0xdf, 0x04, 
  0x7c, 0x2f, 0xf5, 0x5e, 0x1f, 0xf5, 0x48, 0xb1, 0x90, 0xdc, 0x57, 0x2f, 0xe1, 0xff, 0x00, 0x89, 
  0x7a, 0xf5, 0x97, 0xe5, 0xad, 0xaf, 0x99, 0x35, 0x1d, 0x0b, 0xcd, 0x5e, 0x65, 0xb5, 0x7d, 0x3e, 
  0x7b, 0x48, 0x92, 0xf0, 0x79, 0x56, 0x33, 0x1a, 0xda, 0xc1, 0xaa, 0xbb, 0x73, 0x96, 0xed, 0xde, 
  0x0a, 0x34, 0xd3, 0x13, 0xc7, 0xed, 0xb3, 0x7d, 0x9f, 0x8b, 0xf9, 0x73, 0x5a, 0x75, 0x26, 0x02, 
  0x50, 0x87, 0xa8, 0x4b, 0xd3, 0xe2, 0x7f, 0x17, 0x87, 0xfc, 0xd8, 0xb7, 0x88, 0x5e, 0xe5, 0xe8, 
  0xf9, 0x86, 0xd8, 0xec, 0x55, 0xd8, 0xab, 0xb1, 0x57, 0xff, 0xd6, 0xf5, 0x46, 0x2a, 0xec, 0x55, 
  0xd8, 0xab, 0xb1, 0x57, 0x62, 0xae, 0xc5, 0x5d, 0x8a, 0xbc, 0x32, 0xf7, 0xce, 0x12, 0x5a, 0x7e, 
  0x7b, 0x5c, 0x79, 0x8e, 0x3b, 0x51, 0x27, 0x96, 0xad, 0x05, 0xbf, 0x93, 0x75, 0x4b, 0xf4, 0xa9, 
  0x64, 0xbb, 0x9c, 0x9b, 0xa4, 0x90, 0x81, 0xfe, 0xeb, 0x8a, 0x62, 0x96, 0xf2, 0x37, 0xec, 0x72, 
  0xcd, 0xa8, 0xc2, 0x0e, 0x98, 0x46, 0xfd, 0x76, 0x73, 0xd7, 0xf4, 0x63, 0xe8, 0xff, 0x00, 0x8a, 
  0x93, 0x8f, 0x7e, 0xbb, 0xe9, 0xf4, 0xab, 0xf9, 0x7b, 0x50, 0x9d, 0xbf, 0x34, 0x3c, 0xe7, 0x6b, 
  0x17, 0x97, 0x35, 0x7b, 0x9f, 0x2d, 0xf9, 0xad, 0xed, 0xed, 0x67, 0xbc, 0x36, 0x8d, 0x0c, 0x10, 
  0xcf, 0x0c, 0x4f, 0x6d, 0x74, 0xf2, 0x34, 0xc5, 0x3f, 0x72, 0xcb, 0x43, 0xce, 0x30, 0xfc, 0xf2, 
  0x39, 0x2b, 0xc1, 0x81, 0xe2, 0x8f, 0x1e, 0x3b, 0xeb, 0xeb, 0xfe, 0x8a, 0x41, 0xf5, 0x11, 0xbe, 
  0xe9, 0xaf, 0x96, 0xff, 0x00, 0x2b, 0xfc, 0xd1, 0x3f, 0xe5, 0xce, 0x8d, 0xe5, 0xcd, 0x5f, 0x55, 
  0x9f, 0x45, 0xd4, 0xb4, 0x29, 0x67, 0x82, 0x1b, 0xab, 0x13, 0x04, 0xfe, 0xbd, 0x99, 0x2e, 0x91, 
  0x89, 0x04, 0xa9, 0x22, 0xef, 0x03, 0x53, 0x8f, 0xec, 0x7d, 0xac, 0xab, 0x2e, 0xaa, 0x3e, 0x29, 
  0x98, 0x1c, 0x42, 0x7f, 0xce, 0xfc, 0x7f, 0x39, 0x94, 0x60, 0x6b, 0x77, 0xa2, 0xf9, 0x6b, 0xcb, 
  0xfa, 0x77, 0x97, 0x34, 0x1b, 0x1d, 0x0f, 0x4d, 0x56, 0x5b, 0x0d, 0x3a, 0x15, 0x82, 0xdc, 0x3b, 
  0x73, 0x7e, 0x2b, 0xdd, 0x9b, 0xbb, 0x1e, 0xa7, 0x31, 0x32, 0x64, 0x33, 0x91, 0x91, 0xe7, 0x26, 
  0xc0, 0x28, 0x52, 0x65, 0x4c, 0x82, 0x5d, 0x8a, 0xbb, 0x15, 0x76, 0x2a, 0xec, 0x55, 0xff, 0xd9
};